SALE TYPE,SOLD DATE,PROPERTY TYPE,ADDRESS,CITY,STATE OR PROVINCE,ZIP OR POSTAL CODE,PRICE,BEDS,BATHS,LOCATION,SQUARE FEET,LOT SIZE,YEAR BUILT,DAYS ON MARKET,$/SQUARE FEET,HOA/MONTH,STATUS,NEXT OPEN HOUSE START TIME,NEXT OPEN HOUSE END TIME,URL (SEE https://www.redfin.com/buy-a-home/comparative-market-analysis FOR INFO ON PRICING),SOURCE,MLS#,FAVORITE,INTERESTED,LATITUDE,LONGITUDE
"In accordance with local MLS rules, some MLS listings are not included in the download"
MLS Listing,,Condo/Co-op,5360 N Lowell Ave #502,Chicago,IL,60630,365000,2,2.0,Rivers Edge,1339,,1996,1,273,500,Active,July-19-2025 11:00 AM,July-19-2025 01:00 PM,https://www.redfin.com/IL/Chicago/5360-N-Lowell-Ave-60630/unit-502/home/12796131,MRED as Distributed by MLS Grid,12421887,N,Y,41.9787776,-87.7375413
MLS Listing,,Condo/Co-op,2338 W Granville Ave #2,Chicago,IL,60659,199000,2,1.0,CHI - West Ridge,900,,1929,1,221,329,Active,,,https://www.redfin.com/IL/Chicago/2338-W-Granville-Ave-60659/unit-2/home/12597040,MRED as Distributed by MLS Grid,12419635,N,Y,41.994244,-87.688942
MLS Listing,,Condo/Co-op,2423 W Augusta Blvd #1,Chicago,IL,60622,309900,2,2.0,CHI - West Town,,,2012,5,,252,Active,,,https://www.redfin.com/IL/Chicago/2423-W-Augusta-Blvd-60622/unit-1/home/64226790,MRED as Distributed by MLS Grid,12416378,N,Y,41.8991753,-87.6878953
MLS Listing,,Condo/Co-op,9737 N Fox Glen Dr Unit 5C,Niles,IL,60714,247000,2,2.0,Terrace Square,1200,,1983,5,206,487,Active,,,https://www.redfin.com/IL/Niles/9737-N-Fox-Glen-Dr-60714/unit-5C/home/13679923,MRED as Distributed by MLS Grid,12417263,N,Y,42.0574176,-87.8529387
MLS Listing,,Condo/Co-op,9445 W Kelvin Ln #2992,Schiller Park,IL,60176,179000,2,1.0,Schiller Park,750,,1983,6,239,288,Active,,,https://www.redfin.com/IL/Schiller-Park/9445-Kelvin-Ln-60176/unit-2992/home/28524291,MRED as Distributed by MLS Grid,12415534,N,Y,41.966555,-87.8641297
MLS Listing,,Condo/Co-op,2638 W Rice St Unit 2S,Chicago,IL,60622,374900,2,1.0,CHI - West Town,,,1921,7,,327,Active,,,https://www.redfin.com/IL/Chicago/2638-W-Rice-St-60622/unit-2S/home/18932085,MRED as Distributed by MLS Grid,12404289,N,Y,41.8968267,-87.693348
MLS Listing,,Condo/Co-op,5525 N Chester Ave #46,Chicago,IL,60656,265000,2,2.0,CHI - O'Hare,1200,,1980,8,221,362,Active,,,https://www.redfin.com/IL/Chicago/5525-N-Chester-Ave-60656/unit-46/home/12719146,MRED as Distributed by MLS Grid,12395019,N,Y,41.980031,-87.838751
MLS Listing,,Single Family Residential,2142 N Mobile Ave,Chicago,IL,60639,249900,2,1.0,CHI - Belmont Cragin,1440,3920,1923,13,174,,Active,,,https://www.redfin.com/IL/Chicago/2142-N-Mobile-Ave-60639/home/13428963,MRED as Distributed by MLS Grid,12410395,N,Y,41.9195396,-87.7831355
MLS Listing,,Single Family Residential,3413 S 56th Ct,Cicero,IL,60804,325000,2,1.5,Cicero,958,,1946,19,339,,Active,,,https://www.redfin.com/IL/Cicero/3413-S-56th-Ct-60804/home/14132495,MRED as Distributed by MLS Grid,12401473,N,Y,41.8303137,-87.7643502
MLS Listing,,Condo/Co-op,1639 W Farwell Ave #1,Chicago,IL,60626,325000,2,2.0,CHI - Rogers Park,1350,,1925,26,241,317,Active,,,https://www.redfin.com/IL/Chicago/1639-W-Farwell-Ave-60626/unit-1/home/26802698,MRED as Distributed by MLS Grid,12390765,N,Y,42.006091,-87.671657
MLS Listing,,Condo/Co-op,3117 N Paulina St Unit G,Chicago,IL,60657,299000,2,1.0,CHI - Lake View,,,,35,,300,Active,,,https://www.redfin.com/IL/Chicago/3117-N-Paulina-St-60657/unit-G/home/12651847,MRED as Distributed by MLS Grid,12390478,N,Y,41.9383756,-87.6708198
MLS Listing,,Condo/Co-op,9346 Landings Ln #506,Des Plaines,IL,60016,244900,2,2.0,Des Plaines,1400,,1981,37,175,495,Active,,,https://www.redfin.com/IL/Des-Plaines/9346-Landings-Ln-60016/unit-506/home/13667440,MRED as Distributed by MLS Grid,12386771,N,Y,42.0408755,-87.8578658
MLS Listing,,Condo/Co-op,1S150 Spring Rd Unit 5F,Oakbrook Terrace,IL,60181,299900,2,2.0,Oak Brook Terrace,1206,,1981,40,249,421,Active,,,https://www.redfin.com/IL/Oakbrook-Terrace/1S150-Spring-Rd-60181/unit-5F/home/18088249,MRED as Distributed by MLS Grid,12380004,N,Y,41.8584754,-87.9502133
MLS Listing,,Single Family Residential,2655 W 24th Pl,Chicago,IL,60608,275000,2,2.0,CHI - South Lawndale,1650,1136,1899,134,167,,Active,,,https://www.redfin.com/IL/Chicago/2655-W-24th-Pl-60608/home/12555477,MRED as Distributed by MLS Grid,12302280,N,Y,41.8475282,-87.692496
Redfin Data,,Condo/Co-op,8999 Kennedy Dr Unit 102B,Des Plaines,IL,60016,234900,2,1.0,Des Plaines,1100,,1970,1,214,294,Pre On-Market,,,https://www.redfin.com/IL/Des-Plaines/8999-Kennedy-Dr-60016/unit-102B/home/13669012,Coming Soon,108254,N,Y,42.0429234,-87.854874
Redfin Data,,Condo/Co-op,4322 S Forrestville Ave #3,Chicago,IL,60653,264900,2,2.0,Chicago,1250,,,2,212,375,Pre On-Market,,,https://www.redfin.com/IL/Chicago/4322-S-Forrestville-Ave-60653/unit-3/home/18927465,Coming Soon,108219,N,Y,41.8159667,-87.6131352
Redfin Data,,Condo/Co-op,960 W Cuyler Ave Unit 1S,Chicago,IL,60613,330000,2,1.0,Chicago,960,,1907,5,344,321,Pre On-Market,,,https://www.redfin.com/IL/Chicago/960-W-Cuyler-Ave-60613/unit-1S/home/12701000,Coming Soon,108201,N,Y,41.9558031,-87.6534564
Redfin Data,,Townhouse,156 Morgan's Gate Dr Unit 17-2,Wood Dale,IL,60191,335000,2,2.5,Wood Dale,1721,,2007,8,195,298,Pre On-Market,,,https://www.redfin.com/IL/Wood-Dale/156-Morgan-s-Gate-Dr-60191/unit-17-2/home/171983565,Coming Soon,108083,N,Y,41.9588098,-87.9600651
MLS Listing,,Condo/Co-op,1540 W Chase Ave Unit 3E,Chicago,IL,60626,225000,2,2.0,CHI - Rogers Park,,,1969,1,,280,Active,,,https://www.redfin.com/IL/Chicago/1540-W-Chase-Ave-60626/unit-3E/home/12555812,MRED as Distributed by MLS Grid,12422325,N,N,42.0141499,-87.6696545
MLS Listing,,Condo/Co-op,1044 Ontario St Unit 2E,Oak Park,IL,60302,189000,2,1.0,Oak Park,900,,1960,1,210,348,Active,,,https://www.redfin.com/IL/Oak-Park/1044-Ontario-St-60302/unit-2E/home/13271185,MRED as Distributed by MLS Grid,12407674,N,Y,41.8909329,-87.802182
MLS Listing,,Condo/Co-op,873 N Larrabee St #610,Chicago,IL,60610,390000,2,2.0,,1100,,2006,1,355,487,Active,,,https://www.redfin.com/IL/Chicago/Undisclosed-address-60610/home/18915967,MRED as Distributed by MLS Grid,12422112,N,Y,41.898639,-87.642694
MLS Listing,,Condo/Co-op,1103 W Wrightwood Ave #1,Chicago,IL,60614,360000,2,1.0,CHI - Lincoln Park,,,1918,1,,467,Active,July-19-2025 12:30 PM,July-19-2025 02:00 PM,https://www.redfin.com/IL/Chicago/1103-W-Wrightwood-Ave-60614/unit-1/home/39915065,MRED as Distributed by MLS Grid,12422238,N,Y,41.928689,-87.6563819
MLS Listing,,Condo/Co-op,4869 N Kenmore Ave Unit GN,Chicago,IL,60640,299900,2,2.0,CHI - Uptown,1100,,1928,1,273,286,Active,,,https://www.redfin.com/IL/Chicago/4869-N-Kenmore-Ave-60640/unit-GN/home/196450655,MRED as Distributed by MLS Grid,12419566,N,Y,41.9710619,-87.6558511
MLS Listing,,Condo/Co-op,2217 W Farwell Ave Unit 3B,Chicago,IL,60645,319000,2,2.0,CHI - West Ridge,1500,,,1,213,274,Active,,,https://www.redfin.com/IL/Chicago/2217-W-Farwell-Ave-60645/unit-3B/home/196450171,MRED as Distributed by MLS Grid,12422124,N,Y,42.0060127,-87.6866015
MLS Listing,,Condo/Co-op,620 S York Rd #101,Bensenville,IL,60106,209900,2,2.0,Bensenville,1200,,1977,1,175,315,Active,,,https://www.redfin.com/IL/Bensenville/620-S-York-Rd-60106/unit-101/home/18161560,MRED as Distributed by MLS Grid,12421885,N,Y,41.9425485,-87.9401915
MLS Listing,,Condo/Co-op,9436 Kelvin Ln #3234,Schiller Park,IL,60176,169900,2,1.0,Kristina Condos,900,,,1,189,262,Active,,,https://www.redfin.com/IL/Schiller-Park/9436-Kelvin-Ln-60176/unit-3234/home/12571722,MRED as Distributed by MLS Grid,12420209,N,Y,41.966703,-87.8641645
MLS Listing,,Condo/Co-op,6551 N Harlem Ave Unit 2S,Chicago,IL,60631,195000,2,1.0,CHI - Norwood Park,986,,1972,1,198,334,Active,,,https://www.redfin.com/IL/Chicago/6551-N-Harlem-Ave-60631/unit-2S/home/12796576,MRED as Distributed by MLS Grid,12416148,N,Y,42.0002249,-87.8060821
MLS Listing,,Townhouse,206 Country Ln,Des Plaines,IL,60016,349000,2,1.5,Des Plaines,1228,,1989,1,284,283,Active,July-20-2025 01:00 PM,July-20-2025 03:00 PM,https://www.redfin.com/IL/Des-Plaines/206-Country-Ln-60016/home/13680732,MRED as Distributed by MLS Grid,12421593,N,Y,42.0646721,-87.8687687
MLS Listing,,Townhouse,9024 Skokie Blvd Unit C,Skokie,IL,60077,279999,2,1.5,Skokie,1100,,1958,1,255,,Active,July-19-2025 01:00 PM,July-19-2025 03:00 PM,https://www.redfin.com/IL/Skokie/9024-Skokie-Blvd-60077/unit-C/home/13620184,MRED as Distributed by MLS Grid,12421307,N,Y,42.0451426,-87.7473745
MLS Listing,,Single Family Residential,3740 S 58 Ave,Cicero,IL,60804,265000,2,1.5,Cicero,960,4625,1951,1,276,,Active,,,https://www.redfin.com/IL/Cicero/3740-S-58th-Ave-60804/home/14131037,MRED as Distributed by MLS Grid,12420161,N,Y,41.8237977,-87.7682755
MLS Listing,,Townhouse,11016 Eaton Ct,Westchester,IL,60154,345000,2,3.0,Westchester,1473,,1984,1,234,230,Active,,,https://www.redfin.com/IL/Westchester/11016-Eaton-Ct-60154/home/13299023,MRED as Distributed by MLS Grid,12419725,N,Y,41.8361397,-87.8961604
MLS Listing,,Condo/Co-op,1404 W Thorndale Ave #3,Chicago,IL,60660,299900,2,1.0,CHI - Edgewater,1264,,,1,237,458,Active,July-17-2025 04:00 PM,July-17-2025 06:00 PM,https://www.redfin.com/IL/Chicago/1404-W-Thorndale-Ave-60660/unit-3/home/196354145,MRED as Distributed by MLS Grid,12416439,N,Y,41.9902124,-87.6653684
MLS Listing,,Condo/Co-op,1555 Monroe Ave #2,River Forest,IL,60305,159900,2,1.0,River Forest,900,,,1,178,258,Active,,,https://www.redfin.com/IL/River-Forest/1555-Monroe-Ave-60305/unit-2/home/13341468,MRED as Distributed by MLS Grid,12420799,N,Y,41.9086244,-87.8119942
MLS Listing,,Single Family Residential,1406 Portsmouth Ave,Westchester,IL,60154,325000,2,1.0,Westchester,1200,6300,1950,1,271,,Active,,,https://www.redfin.com/IL/Westchester/1406-Portsmouth-Ave-60154/home/13309933,MRED as Distributed by MLS Grid,12421034,N,Y,41.8595345,-87.8740099
MLS Listing,,Single Family Residential,4324 S Wisconsin Ave,Stickney,IL,60402,304900,2,1.0,Stickney,942,,1958,1,324,,Active,,,https://www.redfin.com/IL/Berwyn/4324-Wisconsin-Ave-60402/home/14029265,MRED as Distributed by MLS Grid,12421018,N,Y,41.8130535,-87.799905
MLS Listing,,Townhouse,1927 Lee St,Evanston,IL,60202,315000,2,1.5,Evanston,,2000,1957,1,,163,Active,,,https://www.redfin.com/IL/Evanston/1927-Lee-St-60202/home/13604668,MRED as Distributed by MLS Grid,12420948,N,Y,42.0358351,-87.7005999
MLS Listing,,Condo/Co-op,1949 N Whipple St #1,Chicago,IL,60647,300000,2,2.0,CHI - Logan Square,1274,,,1,235,362,Active,July-19-2025 12:00 PM,July-19-2025 02:00 PM,https://www.redfin.com/IL/Chicago/1949-N-Whipple-St-60647/unit-1/home/26806772,MRED as Distributed by MLS Grid,12420902,N,Y,41.9171678,-87.703809
MLS Listing,,Condo/Co-op,3054 N Kedzie Ave Unit 1F,Chicago,IL,60618,220000,2,1.0,CHI - Avondale,1206,,1919,1,182,,Active,,,https://www.redfin.com/IL/Chicago/3054-N-Kedzie-Ave-60618/unit-1F/home/49870618,MRED as Distributed by MLS Grid,12420820,N,Y,41.937318,-87.70789
MLS Listing,,Condo/Co-op,7349 Madison St Unit C,Forest Park,IL,60130,175000,2,1.0,Forest Park,,,,1,,220,Active,,,https://www.redfin.com/IL/Forest-Park/7349-Madison-St-60130/unit-C/home/12561728,MRED as Distributed by MLS Grid,12420846,N,Y,41.8798109,-87.8093928
MLS Listing,,Condo/Co-op,4008 W Nelson St Unit 8A,Chicago,IL,60641,184900,2,1.0,CHI - Avondale,,,1930,1,,273,Active,,,https://www.redfin.com/IL/Chicago/4008-W-Nelson-St-60641/unit-8A/home/39950116,MRED as Distributed by MLS Grid,12415002,N,Y,41.936534,-87.727576
MLS Listing,,Condo/Co-op,900 S River Rd Unit 3A,Des Plaines,IL,60016,265000,2,2.0,Des Plaines,1200,,1974,1,221,382,Active,,,https://www.redfin.com/IL/Des-Plaines/900-S-River-Rd-60016/unit-3A/home/13660921,MRED as Distributed by MLS Grid,12420726,N,Y,42.0371569,-87.8831273
MLS Listing,,Condo/Co-op,1519 W Thomas St Unit 2-C,Chicago,IL,60642,400000,2,2.0,CHI - West Town,1200,,,1,333,157,Active,,,https://www.redfin.com/IL/Chicago/1519-W-Thomas-St-60642/unit-2C/home/12612695,MRED as Distributed by MLS Grid,12418766,N,Y,41.9013405,-87.6657477
MLS Listing,,Condo/Co-op,420 Home Ave #202,Oak Park,IL,60302,259900,2,2.0,Oak Park,1800,,1972,1,144,420,Active,,,https://www.redfin.com/IL/Oak-Park/420-Home-Ave-60302/unit-202/home/196419295,MRED as Distributed by MLS Grid,12417383,N,Y,41.880778,-87.7995947
MLS Listing,,Condo/Co-op,2709 W Belden Ave #3,Chicago,IL,60647,325000,2,2.0,CHI - Logan Square,,,1929,1,,417,Active,,,https://www.redfin.com/IL/Chicago/2709-W-Belden-Ave-60647/unit-3/home/12609052,MRED as Distributed by MLS Grid,12419859,N,Y,41.9228616,-87.6959955
MLS Listing,,Condo/Co-op,2314 Sherman Ave Unit 3C,Evanston,IL,60201,255000,2,1.0,Evanston,,,1922,1,,384,Active,,,https://www.redfin.com/IL/Evanston/2314-Sherman-Ave-60201/unit-3C/home/26802227,MRED as Distributed by MLS Grid,12414318,N,Y,42.0599388,-87.6821641
MLS Listing,,Condo/Co-op,1704 S Carpenter St Unit 3B,Chicago,IL,60608,389000,2,2.0,CHI - Lower West Side,1200,,2005,2,324,234,Active,,,https://www.redfin.com/IL/Chicago/1704-S-Carpenter-St-60608/unit-3B/home/12603300,MRED as Distributed by MLS Grid,12420154,N,Y,41.8587523,-87.653728
MLS Listing,,Condo/Co-op,948 W 15th Pl Unit 1B,Chicago,IL,60608,349999,2,2.0,CHI - Near West Side,1350,,2004,2,259,288,Active,,,https://www.redfin.com/IL/Chicago/948-W-15th-Pl-60608/unit-1B/home/12646243,MRED as Distributed by MLS Grid,12419279,N,Y,41.861249,-87.65066
MLS Listing,,Condo/Co-op,6800 N California Ave Unit 2O,Chicago,IL,60645,350000,2,2.0,CHI - West Ridge,1210,,1960,2,289,445,Active,,,https://www.redfin.com/IL/Chicago/6800-N-California-Ave-60645/unit-2O/home/22918232,MRED as Distributed by MLS Grid,12420071,N,Y,42.0056498,-87.7002384
MLS Listing,,Single Family Residential,3800 S 59th Ct,Cicero,IL,60804,290000,2,1.0,,960,3750,1951,2,302,,Active,,,https://www.redfin.com/IL/Cicero/Undisclosed-address-60804/home/14130378,MRED as Distributed by MLS Grid,12419315,N,Y,41.8233623,-87.771883
MLS Listing,,Single Family Residential,5526 S Oakley Ave,Chicago,IL,60636,139000,2,1.0,CHI - Gage Park,1000,8250,1915,2,139,,Active,,,https://www.redfin.com/IL/Chicago/5526-S-Oakley-Ave-60636/home/13939431,MRED as Distributed by MLS Grid,12419897,N,Y,41.7926936,-87.6816856
MLS Listing,,Single Family Residential,9002 Menard Ave,Morton Grove,IL,60053,340000,2,1.0,Morton Grove,827,,1952,2,411,,Active,July-19-2025 11:00 AM,July-19-2025 01:00 PM,https://www.redfin.com/IL/Morton-Grove/9002-Menard-Ave-60053/home/13619176,MRED as Distributed by MLS Grid,12417691,N,Y,42.0447049,-87.771709
MLS Listing,,Single Family Residential,5330 S California Ave,Chicago,IL,60632,240000,2,2.0,CHI - Gage Park,900,3750,1925,2,267,,Active,,,https://www.redfin.com/IL/Chicago/5330-S-California-Ave-60632/home/14017543,MRED as Distributed by MLS Grid,12419798,N,Y,41.7963768,-87.6941487
MLS Listing,,Condo/Co-op,3120 W Carmen Ave #3,Chicago,IL,60625,325000,2,2.0,CHI - Albany Park,1200,,,2,271,416,Active,,,https://www.redfin.com/IL/Chicago/3120-W-Carmen-Ave-60625/unit-3/home/12674904,MRED as Distributed by MLS Grid,12417795,N,Y,41.9742727,-87.7072111
MLS Listing,,Condo/Co-op,6457 N California Ave #3,Chicago,IL,60645,181000,2,1.0,CHI - West Ridge,927,,1926,2,195,412,Active,,,https://www.redfin.com/IL/Chicago/6457-N-California-Ave-60645/unit-3/home/18940478,MRED as Distributed by MLS Grid,12419576,N,Y,41.999227,-87.6995346
MLS Listing,,Single Family Residential,4804 S Lamon Ave,Chicago,IL,60638,215000,2,1.0,CHI - Garfield Ridge,912,3125,1955,2,236,,Active,,,https://www.redfin.com/IL/Chicago/4804-S-Lamon-Ave-60638/home/14024637,MRED as Distributed by MLS Grid,12417363,N,Y,41.8055561,-87.74572
MLS Listing,,Townhouse,1744 Linneman St,Glenview,IL,60025,362500,2,1.5,Glenview / Golf,1150,,1966,2,315,200,Active,,,https://www.redfin.com/IL/Glenview/1744-Linneman-St-60025/home/13793353,MRED as Distributed by MLS Grid,12419260,N,Y,42.0695249,-87.8016279
MLS Listing,,Condo/Co-op,3555 W Lyndale St Unit 3B,Chicago,IL,60647,299000,2,1.0,CHI - Logan Square,1000,,1924,2,299,300,Active,,,https://www.redfin.com/IL/Chicago/3555-W-Lyndale-St-60647/unit-3B/home/18944275,MRED as Distributed by MLS Grid,12416676,N,Y,41.9216687,-87.7159635
MLS Listing,,Single Family Residential,1113 Bristol Ave,Westchester,IL,60154,285000,2,1.0,Westchester,1006,,1953,2,283,,Active,July-19-2025 12:00 PM,July-19-2025 02:00 PM,https://www.redfin.com/IL/Westchester/1113-Bristol-Ave-60154/home/13312882,MRED as Distributed by MLS Grid,12415172,N,Y,41.8649949,-87.8687785
MLS Listing,,Condo/Co-op,7431 N Hoyne Ave Unit G,Chicago,IL,60645,147000,2,1.0,CHI - Rogers Park,800,,1923,2,184,207,Active,,,https://www.redfin.com/IL/Chicago/7431-N-Hoyne-Ave-60645/unit-G/home/12673992,MRED as Distributed by MLS Grid,12418888,N,Y,42.0168051,-87.68278
MLS Listing,,Condo/Co-op,701 Ridge Rd Unit 1D,Wilmette,IL,60091,300000,2,1.0,Wilmette,1100,,1968,2,273,441,Active,,,https://www.redfin.com/IL/Wilmette/701-Ridge-Rd-60091/unit-1D/home/183706866,MRED as Distributed by MLS Grid,12406383,N,Y,42.076907,-87.722762
MLS Listing,,Condo/Co-op,4248 N Keystone Ave Unit 2C,Chicago,IL,60641,230000,2,1.0,CHI - Irving Park,1000,,,2,230,410,Active,,,https://www.redfin.com/IL/Chicago/4248-N-Keystone-Ave-60641/unit-2C/home/13480627,MRED as Distributed by MLS Grid,12418951,N,Y,41.9586898,-87.7296415
MLS Listing,,Condo/Co-op,6600 W Wood River Dr #101,Niles,IL,60714,265000,2,2.0,Niles,1274,,1981,2,208,178,Active,,,https://www.redfin.com/IL/Niles/6600-W-Woodriver-Dr-60714/unit-101/home/196293768,MRED as Distributed by MLS Grid,12414592,N,Y,42.0241554,-87.7914891
MLS Listing,,Single Family Residential,826 N Lombard Ave,Oak Park,IL,60302,359000,2,1.0,Oak Park,1187,4125,1913,2,302,,Active,July-20-2025 01:00 PM,July-20-2025 03:00 PM,https://www.redfin.com/IL/Oak-Park/826-N-Lombard-Ave-60302/home/13277379,MRED as Distributed by MLS Grid,12418981,N,Y,41.9010799,-87.7799331
MLS Listing,,Condo/Co-op,1810 W Hatherleigh Ct Unit 2A,Mount Prospect,IL,60056,199900,2,1.0,Mount Prospect,1024,,1965,3,195,365,Active,,,https://www.redfin.com/IL/Mount-Prospect/1810-W-Hatherleigh-Ct-60056/unit-2A/home/18916076,MRED as Distributed by MLS Grid,12418771,N,Y,42.0396826,-87.9613807
MLS Listing,,Condo/Co-op,1430 Lehigh Ave Unit B2,Glenview,IL,60026,229000,2,2.0,Glenview / Golf,1330,,1972,3,172,290,Active,,,https://www.redfin.com/IL/Glenview/1430-Lehigh-Ave-60026/unit-B2/home/196127788,MRED as Distributed by MLS Grid,12390652,N,Y,42.081212,-87.810128
MLS Listing,,Condo/Co-op,6021 N Damen Ave #202,Chicago,IL,60659,215000,2,1.0,North Damen Square Condos,1100,,1958,3,195,438,Active,,,https://www.redfin.com/IL/Chicago/6021-N-Damen-Ave-60659/unit-202/home/13407083,MRED as Distributed by MLS Grid,12418647,N,Y,41.9914029,-87.679294
MLS Listing,,Single Family Residential,2204 N 5th Ave,River Grove,IL,60171,249900,2,1.0,,925,4375,1940,3,270,,Active,,,https://www.redfin.com/IL/River-Grove/Undisclosed-address-60171/home/13524971,MRED as Distributed by MLS Grid,12418599,N,Y,41.9195292,-87.8405826
MLS Listing,,Condo/Co-op,9562 Park Ln Unit 1D,Des Plaines,IL,60016,210000,2,1.0,Coventry Place,,,1970,4,,352,Active,,,https://www.redfin.com/IL/Des-Plaines/9562-Park-Ln-60016/unit-1D/home/186419597,MRED as Distributed by MLS Grid,12418224,N,Y,42.0537539,-87.8526304
MLS Listing,,Condo/Co-op,1508 W Pratt Blvd Unit 2C,Chicago,IL,60626,240000,2,1.5,CHI - Rogers Park,1300,,1971,4,185,380,Active,July-19-2025 11:00 AM,July-19-2025 01:00 PM,https://www.redfin.com/IL/Chicago/1508-W-Pratt-Blvd-60626/unit-2C/home/12719469,MRED as Distributed by MLS Grid,12416732,N,Y,42.0056669,-87.6682461
MLS Listing,,Single Family Residential,3139 Dora St,Franklin Park,IL,60131,289900,2,1.0,Franklin Park,1184,5227,1954,4,245,,Active,,,https://www.redfin.com/IL/Franklin-Park/3139-Dora-St-60131/home/13533455,MRED as Distributed by MLS Grid,12407176,N,Y,41.936147,-87.8798944
MLS Listing,,Condo/Co-op,400 Ridge Ave Unit 16-2,Evanston,IL,60202,265000,2,1.0,Evanston,1100,,1927,4,241,364,Active,,,https://www.redfin.com/IL/Evanston/400-Ridge-Ave-60202/unit-16-2/home/13574727,MRED as Distributed by MLS Grid,12399751,N,Y,42.024974,-87.685734
MLS Listing,,Condo/Co-op,4629 Main St Unit 2A,Skokie,IL,60076,197000,2,1.0,Skokie,950,,,5,207,389,Active,,,https://www.redfin.com/IL/Skokie/4629-Main-St-60076/unit-2A/home/12601631,MRED as Distributed by MLS Grid,12418142,N,Y,42.0332943,-87.7436912
MLS Listing,,Condo/Co-op,1414 S Halsted St Unit 3A,Chicago,IL,60607,374999,2,1.5,University Village,1200,,2002,5,312,410,Active,,,https://www.redfin.com/IL/Chicago/1414-S-Halsted-St-60607/unit-3A/home/12694336,MRED as Distributed by MLS Grid,12416503,N,Y,41.8630845,-87.6471313
MLS Listing,,Condo/Co-op,8928 Stevens Dr Unit 1A,Des Plaines,IL,60016,210000,2,1.5,Des Plaines,,,1972,5,,416,Active,,,https://www.redfin.com/IL/Des-Plaines/8928-Steven-Dr-60016/unit-1A/home/195070079,MRED as Distributed by MLS Grid,12417979,N,Y,42.0574383,-87.8484506
MLS Listing,,Condo/Co-op,7409 N Seeley Ave Unit 2B,Chicago,IL,60645,249900,2,1.0,East Ridge Point Condos,1000,,1957,5,250,401,Active,,,https://www.redfin.com/IL/Chicago/7409-N-Seeley-Ave-60645/unit-2B/home/12746046,MRED as Distributed by MLS Grid,12417916,N,Y,42.0160971,-87.6815281
MLS Listing,,Condo/Co-op,3608 Jackson St Unit 1W,Bellwood,IL,60104,149999,2,1.0,Bellwood,1200,,1951,5,125,200,Active,,,https://www.redfin.com/IL/Bellwood/3608-Jackson-St-60104/unit-1W/home/196370847,MRED as Distributed by MLS Grid,12417908,N,Y,41.8741769,-87.8771264
MLS Listing,,Condo/Co-op,1738 Chicago Ave #303,Evanston,IL,60201,359900,2,2.0,Evanston,1248,,1978,5,288,429,Active,,,https://www.redfin.com/IL/Evanston/1738-Chicago-Ave-60201/unit-303/home/13580713,MRED as Distributed by MLS Grid,12412918,N,Y,42.0493781,-87.6786589
MLS Listing,,Single Family Residential,1429 N Wolf Rd,Berkeley,IL,60163,239900,2,1.0,Berkeley,1085,,1951,5,221,,Active,,,https://www.redfin.com/IL/Berkeley/1429-N-Wolf-Rd-60163/home/13334261,MRED as Distributed by MLS Grid,12220860,N,Y,41.8881997,-87.9029309
MLS Listing,,Condo/Co-op,1634 W Columbia Ave Unit 2S,Chicago,IL,60626,249000,2,1.0,CHI - Rogers Park,1100,,1920,5,226,351,Active,,,https://www.redfin.com/IL/Chicago/1634-W-Columbia-Ave-60626/unit-2S/home/12628370,MRED as Distributed by MLS Grid,12414620,N,Y,42.00478,-87.672121
MLS Listing,,Condo/Co-op,3005 N Clifton Ave #201,Chicago,IL,60657,324900,2,1.0,CHI - Lake View,,,,5,,279,Active,,,https://www.redfin.com/IL/Chicago/3005-N-Clifton-Ave-60657/unit-201/home/22627084,MRED as Distributed by MLS Grid,12414431,N,Y,41.9364201,-87.6574626
MLS Listing,,Single Family Residential,4117 N Moody Ave,Chicago,IL,60634,170000,2,1.0,CHI - Portage Park,702,3125,1925,5,242,,Active,,,https://www.redfin.com/IL/Chicago/4117-N-Moody-Ave-60634/home/13473987,MRED as Distributed by MLS Grid,12417527,N,Y,41.9553632,-87.7800345
MLS Listing,,Condo/Co-op,1110 W 15th St #114,Chicago,IL,60608,314999,2,1.0,University Commons,900,,1920,5,350,448,Active,,,https://www.redfin.com/IL/Chicago/1110-W-15th-St-60608/unit-114/home/39569962,MRED as Distributed by MLS Grid,12417537,N,Y,41.861808,-87.654754
MLS Listing,,Condo/Co-op,5952 N Paulina St Unit 2N,Chicago,IL,60660,325000,2,1.0,Paulina Ridge Court,,,1923,5,,292,Active,,,https://www.redfin.com/IL/Chicago/5952-N-Paulina-St-60660/unit-2N/home/12675647,MRED as Distributed by MLS Grid,12416371,N,Y,41.989931,-87.671857
MLS Listing,,Condo/Co-op,4557 S Michigan Ave #1,Chicago,IL,60615,175000,2,2.0,CHI - Grand Boulevard,,,1908,5,,385,Active,,,https://www.redfin.com/IL/Chicago/4557-S-Michigan-Ave-60653/unit-1/home/12692513,MRED as Distributed by MLS Grid,12416339,N,Y,41.8115304,-87.6224096
MLS Listing,,Condo/Co-op,4321 N Drake Ave Unit 3W,Chicago,IL,60618,200000,2,1.0,CHI - Irving Park,,,1925,5,,281,Active,,,https://www.redfin.com/IL/Chicago/4321-N-Drake-Ave-60618/unit-3W/home/12653181,MRED as Distributed by MLS Grid,12417368,N,Y,41.9599231,-87.716586
MLS Listing,,Condo/Co-op,1333 W Touhy Ave #102,Park Ridge,IL,60068,265000,2,1.5,Park Ridge,1000,,1968,5,265,325,Active,,,https://www.redfin.com/IL/Park-Ridge/1333-W-Touhy-Ave-60068/unit-102/home/13641107,MRED as Distributed by MLS Grid,12413806,N,Y,42.010556,-87.8425391
MLS Listing,,Condo/Co-op,2427 W Farragut Ave Unit 1A,Chicago,IL,60625,210000,2,1.0,CHI - Lincoln Square,1000,,1949,5,210,382,Active,,,https://www.redfin.com/IL/Chicago/2427-W-Farragut-Ave-60625/unit-1A/home/13492136,MRED as Distributed by MLS Grid,12412311,N,Y,41.9765008,-87.6903293
MLS Listing,,Condo/Co-op,20 N State St #1012,Chicago,IL,60602,315000,2,1.0,CHI - Loop,1000,,1929,5,315,,Active,,,https://www.redfin.com/IL/Chicago/20-N-State-St-60602/unit-1012/home/12665114,MRED as Distributed by MLS Grid,12390825,N,Y,41.8827031,-87.6282036
MLS Listing,,Condo/Co-op,1407 N Wells St Unit 3E,Chicago,IL,60610,399000,2,1.0,CHI - Near North Side,800,,1997,5,499,272,Active,July-19-2025 02:00 PM,July-19-2025 03:00 PM,https://www.redfin.com/IL/Chicago/1407-N-Wells-St-60610/unit-3E/home/12740934,MRED as Distributed by MLS Grid,12416544,N,Y,41.907944,-87.6343167
MLS Listing,,Condo/Co-op,9377 Landings Ln #502,Des Plaines,IL,60016,259900,2,2.0,Landings,1391,,1982,6,187,365,Active,,,https://www.redfin.com/IL/Des-Plaines/9377-Landings-Ln-60016/unit-502/home/13667973,MRED as Distributed by MLS Grid,12416923,N,Y,42.0405669,-87.8590562
MLS Listing,,Condo/Co-op,7639 N Greenview Ave Unit 1E,Chicago,IL,60626,220000,2,1.0,CHI - Rogers Park,675,,1923,6,326,329,Active,,,https://www.redfin.com/IL/Chicago/7639-N-Greenview-Ave-60626/unit-1E/home/12618055,MRED as Distributed by MLS Grid,12414291,N,Y,42.020536,-87.667895
MLS Listing,,Condo/Co-op,711 S Ashland Ave Unit K,Chicago,IL,60607,345000,2,1.0,CHI - Near West Side,1164,,1989,6,296,405,Active,,,https://www.redfin.com/IL/Chicago/711-S-Ashland-Ave-60607/unit-K/home/14089393,MRED as Distributed by MLS Grid,12416818,N,Y,41.8722427,-87.6658575
MLS Listing,,Single Family Residential,5542 W Grace St,Chicago,IL,60641,340000,2,1.0,CHI - Portage Park,1000,4125,,6,340,,Active,,,https://www.redfin.com/IL/Chicago/5542-W-Grace-St-60641/home/13462480,MRED as Distributed by MLS Grid,12416047,N,Y,41.94977,-87.7662162
MLS Listing,,Condo/Co-op,2618 W Rosemont Ave #3,Chicago,IL,60659,220000,2,2.0,CHI - West Ridge,1370,,1929,6,161,456,Active,,,https://www.redfin.com/IL/Chicago/2618-W-Rosemont-Ave-60659/unit-3/home/18915001,MRED as Distributed by MLS Grid,12398283,N,Y,41.995993,-87.69543
MLS Listing,,Townhouse,337 Wesley Ave Unit C,Oak Park,IL,60302,289000,2,1.5,Oak Park,1044,,1952,6,277,100,Active,,,https://www.redfin.com/IL/Oak-Park/337-Wesley-Ave-60302/unit-C/home/13268312,MRED as Distributed by MLS Grid,12416509,N,Y,41.8819117,-87.7914926
MLS Listing,,Condo/Co-op,6812 N Wayne Ave Unit 1G,Chicago,IL,60626,158000,2,1.0,CHI - Rogers Park,,,1925,6,,251,Active,,,https://www.redfin.com/IL/Chicago/6812-N-Wayne-Ave-60626/unit-1G/home/12654262,MRED as Distributed by MLS Grid,12416718,N,Y,42.0059745,-87.6651702
MLS Listing,,Condo/Co-op,2304 W Jackson Blvd Unit 2W,Chicago,IL,60612,399000,2,2.0,CHI - Near West Side,,,2020,6,,280,Active,,,https://www.redfin.com/IL/Chicago/2304-W-Jackson-Blvd-60612/unit-2W/home/196338186,MRED as Distributed by MLS Grid,12404367,N,Y,41.8778014,-87.6840702
MLS Listing,,Condo/Co-op,2753 N Spaulding Ave Unit GS,Chicago,IL,60647,368999,2,2.0,CHI - Logan Square,,,1920,6,,200,Active,July-20-2025 11:00 AM,July-20-2025 01:00 PM,https://www.redfin.com/IL/Chicago/2753-N-Spaulding-Ave-60647/unit-GS/home/12745255,MRED as Distributed by MLS Grid,12414596,N,Y,41.9314242,-87.7098035
MLS Listing,,Condo/Co-op,1633 River St Unit 2B,Des Plaines,IL,60016,223000,2,2.0,Des Plaines,1041,,1975,6,214,359,Active,,,https://www.redfin.com/IL/Des-Plaines/1633-River-St-60016/unit-2B/home/13666851,MRED as Distributed by MLS Grid,12416454,N,Y,42.0414677,-87.8830488
MLS Listing,,Condo/Co-op,4907 N Harlem Ave #1,Chicago,IL,60656,219900,2,1.0,CHI - Norwood Park,1000,,1962,6,220,349,Active,,,https://www.redfin.com/IL/Chicago/4907-N-Harlem-Ave-60656/unit-1/home/12653793,MRED as Distributed by MLS Grid,12416428,N,Y,41.9704378,-87.8067941
MLS Listing,,Condo/Co-op,6966 N Wolcott Ave Unit 1N,Chicago,IL,60626,175900,2,1.0,CHI - Rogers Park,900,,1925,6,195,347,Active,,,https://www.redfin.com/IL/Chicago/6966-N-Wolcott-Ave-60626/unit-1N/home/196334185,MRED as Distributed by MLS Grid,12416314,N,Y,42.0085001,-87.6782476
MLS Listing,,Condo/Co-op,1637 W Pratt Blvd Unit 2W,Chicago,IL,60626,244900,2,1.0,Pratt Boulevard Place,975,,1924,6,251,349,Active,,,https://www.redfin.com/IL/Chicago/1637-W-Pratt-Blvd-60626/unit-2W/home/12597546,MRED as Distributed by MLS Grid,12312906,N,Y,42.005079,-87.671362
MLS Listing,,Condo/Co-op,5323 S Harper Ave #1,Chicago,IL,60615,275000,2,2.0,CHI - Hyde Park,1150,,1910,6,239,433,Active,,,https://www.redfin.com/IL/Chicago/5323-S-Harper-Ave-60615/unit-1/home/12623632,MRED as Distributed by MLS Grid,12409162,N,Y,41.798814,-87.5888495
MLS Listing,,Condo/Co-op,3109 W Argyle St #3,Chicago,IL,60625,229000,2,1.0,CHI - Albany Park,850,,,7,269,303,Active,,,https://www.redfin.com/IL/Chicago/3109-W-Argyle-St-60625/unit-3/home/26804889,MRED as Distributed by MLS Grid,12410987,N,Y,41.9719889,-87.7065756
MLS Listing,,Single Family Residential,4308 N Ozark Ave,Norridge,IL,60706,395000,2,2.0,Norridge,1100,4791,1942,7,359,,Active,,,https://www.redfin.com/IL/Norridge/4308-N-Ozark-Ave-60706/home/13553534,MRED as Distributed by MLS Grid,12412847,N,Y,41.9581583,-87.8210027
MLS Listing,,Condo/Co-op,1322 W Huron St Unit 4N,Chicago,IL,60642,315000,2,1.0,CHI - West Town,,,1920,7,,281,Active,,,https://www.redfin.com/IL/Chicago/1322-W-Huron-St-60642/unit-4N/home/12768337,MRED as Distributed by MLS Grid,12389404,N,Y,41.8945134,-87.6605367
MLS Listing,,Condo/Co-op,9275 W Noel Ave Unit 3C,Des Plaines,IL,60016,220000,2,2.0,Des Plaines,1200,,1973,7,183,275,Active,,,https://www.redfin.com/IL/Des-Plaines/9275-Noel-Ave-60016/unit-C3/home/13672106,MRED as Distributed by MLS Grid,12406503,N,Y,42.0529164,-87.8568965
MLS Listing,,Townhouse,5107 N Springfield Ave Unit B,Chicago,IL,60625,369900,2,1.5,CHI - Albany Park,1500,972,1958,7,247,,Active,,,https://www.redfin.com/IL/Chicago/5107-N-Springfield-Ave-60625/unit-B/home/13494956,MRED as Distributed by MLS Grid,12415427,N,Y,41.9740803,-87.7253752
MLS Listing,,Single Family Residential,103 Morris St,Bellwood,IL,60104,199799,2,1.0,Bellwood,822,4500,1951,7,243,,Active,,,https://www.redfin.com/IL/Bellwood/103-Morris-Ave-60104/home/13330727,MRED as Distributed by MLS Grid,12415646,N,Y,41.8907417,-87.880972
MLS Listing,,Condo/Co-op,5927 W Addison St Unit 2D,Chicago,IL,60634,160000,2,1.0,CHI - Portage Park,832,,1955,7,192,317,Active,,,https://www.redfin.com/IL/Chicago/5927-W-Addison-St-60634/unit-2D/home/13463524,MRED as Distributed by MLS Grid,12415655,N,Y,41.94556,-87.7753087
MLS Listing,,Condo/Co-op,342 Ridge Ave #3,Evanston,IL,60202,165000,2,1.0,Evanston,1200,,1952,7,138,491,Active,,,https://www.redfin.com/IL/Evanston/342-Ridge-Ave-60202/unit-3/home/13574510,MRED as Distributed by MLS Grid,12415585,N,Y,42.0243277,-87.6858048
MLS Listing,,Condo/Co-op,1702 W Summerdale Ave Unit G,Chicago,IL,60640,299000,2,1.0,CHI - Edgewater,,,,7,,289,Active,,,https://www.redfin.com/IL/Chicago/1702-W-Summerdale-Ave-60640/unit-G/home/26806988,MRED as Distributed by MLS Grid,12411032,N,Y,41.979006,-87.672509
MLS Listing,,Condo/Co-op,1527 W Chase Ave Unit 3A,Chicago,IL,60626,224900,2,1.5,CHI - Rogers Park,1028,,1971,7,219,,Active,,,https://www.redfin.com/IL/Chicago/1527-W-Chase-Ave-60626/unit-3A/home/12801430,MRED as Distributed by MLS Grid,12415523,N,Y,42.0135592,-87.6692429
MLS Listing,,Condo/Co-op,8710 Skokie Blvd Unit 1A,Skokie,IL,60077,195000,2,1.5,Skokie Terrace,1000,,1977,7,195,357,Active,,,https://www.redfin.com/IL/Skokie/8710-Skokie-Blvd-60077/unit-1A/home/196320590,MRED as Distributed by MLS Grid,12415416,N,Y,42.0392013,-87.7483529
MLS Listing,,Condo/Co-op,6411 Lincoln Ave #412,Morton Grove,IL,60053,289900,2,2.0,Morton Grove,1400,,1994,7,207,438,Active,,,https://www.redfin.com/IL/Morton-Grove/6411-Lincoln-Ave-60053/unit-412/home/13617613,MRED as Distributed by MLS Grid,12415477,N,Y,42.036514,-87.7869883
MLS Listing,,Condo/Co-op,2819 W Granville Ave Unit 2E,Chicago,IL,60659,242000,2,1.0,CHI - West Ridge,890,,1955,7,272,100,Active,,,https://www.redfin.com/IL/Chicago/2819-W-Granville-Ave-60659/unit-2E/home/184980775,MRED as Distributed by MLS Grid,12411412,N,Y,41.9937916,-87.7003926
MLS Listing,,Single Family Residential,1246 Marengo Ave,Forest Park,IL,60130,350000,2,2.0,Forest Park,1500,3125,1913,7,233,,Active,,,https://www.redfin.com/IL/Forest-Park/1246-Marengo-Ave-60130/home/13306929,MRED as Distributed by MLS Grid,12385335,N,Y,41.8632871,-87.8063403
MLS Listing,,Condo/Co-op,1041 N Northwest Hwy Unit A4,Park Ridge,IL,60068,195000,2,1.0,Park Ridge,,,1969,7,,495,Active,,,https://www.redfin.com/IL/Park-Ridge/1041-N-Northwest-Hwy-60068/unit-A4/home/13657852,MRED as Distributed by MLS Grid,12415356,N,Y,42.0262546,-87.8530171
MLS Listing,,Condo/Co-op,2749 N Spaulding Ave Unit GN,Chicago,IL,60647,369000,2,2.0,CHI - Logan Square,1200,,1926,7,308,279,Active,,,https://www.redfin.com/IL/Chicago/2749-N-Spaulding-Ave-60647/unit-GN/home/195985820,MRED as Distributed by MLS Grid,12415034,N,Y,41.9313048,-87.7098954
MLS Listing,,Condo/Co-op,1930 N Harlem Ave #504,Elmwood Park,IL,60707,239000,2,2.0,Elmwood Park,1500,,,7,159,453,Active,,,https://www.redfin.com/IL/Elmwood-Park/1930-N-Harlem-Ave-60707/unit-504/home/12572871,MRED as Distributed by MLS Grid,12400948,N,Y,41.915481,-87.806217
MLS Listing,,Condo/Co-op,4604 N Monticello Ave Unit 3E,Chicago,IL,60625,224900,2,2.0,CHI - Albany Park,,,1953,7,,312,Active,,,https://www.redfin.com/IL/Chicago/4604-N-Monticello-Ave-60625/unit-3E/home/12637032,MRED as Distributed by MLS Grid,12413612,N,Y,41.9649097,-87.7197962
MLS Listing,,Condo/Co-op,2424 W Farragut Ave Unit 3B,Chicago,IL,60625,215000,2,1.0,CHI - Lincoln Square,1050,,1955,7,205,368,Active,,,https://www.redfin.com/IL/Chicago/2424-W-Farragut-Ave-60625/unit-3B/home/22915310,MRED as Distributed by MLS Grid,12396405,N,Y,41.9769967,-87.6903728
MLS Listing,,Condo/Co-op,3253 W Palmer St #301,Chicago,IL,60647,400000,2,2.0,CHI - Logan Square,,,,8,,298,Active,,,https://www.redfin.com/IL/Chicago/3253-W-Palmer-St-60647/unit-301/home/26793100,MRED as Distributed by MLS Grid,12409878,N,Y,41.9207115,-87.7091915
MLS Listing,,Condo/Co-op,4006 W Wellington Ave #3,Chicago,IL,60641,225000,2,1.0,CHI - Avondale,735,,,8,306,210,Active,,,https://www.redfin.com/IL/Chicago/4006-W-Wellington-Ave-60641/unit-3/home/26806218,MRED as Distributed by MLS Grid,12398122,N,Y,41.935609,-87.727437
MLS Listing,,Condo/Co-op,8100 W Foster Ln #504,Niles,IL,60714,279913,2,2.0,Washington Courte,1539,,1983,8,182,388,Active,,,https://www.redfin.com/IL/Niles/8100-W-Foster-Ln-60714/unit-504/home/13674064,MRED as Distributed by MLS Grid,12376150,N,Y,42.0528117,-87.8291478
MLS Listing,,Condo/Co-op,1224 W Van Buren St #317,Chicago,IL,60607,300000,2,1.0,CHI - Near West Side,950,,2007,8,316,446,Active,,,https://www.redfin.com/IL/Chicago/1224-W-Van-Buren-St-60607/unit-317/home/52634817,MRED as Distributed by MLS Grid,12389972,N,Y,41.87678,-87.6582667
MLS Listing,,Condo/Co-op,4618 N Racine Ave Unit 1F,Chicago,IL,60640,375000,2,1.5,CHI - Uptown,1250,,1925,8,300,304,Active,,,https://www.redfin.com/IL/Chicago/4618-N-Racine-Ave-60640/unit-1F/home/12717296,MRED as Distributed by MLS Grid,12407056,N,Y,41.9659886,-87.6600545
MLS Listing,,Condo/Co-op,4710 Russett Ln #201,Skokie,IL,60076,238000,2,2.0,Russet House,1061,,1966,8,224,382,Active,,,https://www.redfin.com/IL/Skokie/4710-Russet-Ln-60076/unit-201/home/183873668,MRED as Distributed by MLS Grid,12370134,N,Y,42.0642882,-87.744989
MLS Listing,,Condo/Co-op,9360 Hamilton Ct Unit A,Des Plaines,IL,60016,199900,2,1.5,Hamilton Court,1100,,1982,8,182,296,Active,,,https://www.redfin.com/IL/Des-Plaines/9360-Hamilton-Ct-60016/unit-A/home/13681764,MRED as Distributed by MLS Grid,12413715,N,Y,42.0582711,-87.8594224
MLS Listing,,Condo/Co-op,3135 W Leland Ave Unit 3W,Chicago,IL,60625,250000,2,1.0,Manors of Leland,1000,,,8,250,444,Active,,,https://www.redfin.com/IL/Chicago/3135-W-Leland-Ave-60625/unit-3W/home/12755706,MRED as Distributed by MLS Grid,12403594,N,Y,41.966364,-87.707322
MLS Listing,,Condo/Co-op,3848 25th Ave #5,Schiller Park,IL,60176,180000,2,1.0,Schiller Park,,,1966,8,,240,Active,,,https://www.redfin.com/IL/Schiller-Park/3848-25th-Ave-60176/unit-5/home/12703090,MRED as Distributed by MLS Grid,12410122,N,Y,41.948392,-87.8681781
MLS Listing,,Condo/Co-op,9332 Landings Ln #603,Des Plaines,IL,60016,214900,2,1.0,Landings,,,1977,8,,341,Active,,,https://www.redfin.com/IL/Des-Plaines/9332-Landings-Ln-60016/unit-603/home/13670010,MRED as Distributed by MLS Grid,12408270,N,Y,42.0425114,-87.8578087
MLS Listing,,Condo/Co-op,1620 W Columbia Ave Unit 3N,Chicago,IL,60626,235000,2,1.0,CHI - Rogers Park,900,,1921,8,261,309,Active,,,https://www.redfin.com/IL/Chicago/1620-W-Columbia-Ave-60626/unit-3N/home/18935903,MRED as Distributed by MLS Grid,12412659,N,Y,42.0047986,-87.6714724
MLS Listing,,Condo/Co-op,3976 S Ellis Ave Unit GS,Chicago,IL,60653,299900,2,2.0,CHI - Oakland,2000,,2004,8,150,268,Active,,,https://www.redfin.com/IL/Chicago/3976-S-Ellis-Ave-60653/unit-GS/home/195263633,MRED as Distributed by MLS Grid,12413486,N,Y,41.8223733,-87.6044867
MLS Listing,,Condo/Co-op,5514 S Woodlawn Ave #406,Chicago,IL,60637,180000,2,1.0,CHI - Hyde Park,1200,,1950,8,150,430,Active,,,https://www.redfin.com/IL/Chicago/5514-S-Woodlawn-Ave-60637/unit-406/home/13946583,MRED as Distributed by MLS Grid,12412685,N,Y,41.7945649,-87.5973251
MLS Listing,,Condo/Co-op,9670 Franklin Ave #214,Franklin Park,IL,60131,260000,2,2.0,Franklin Park,1225,,2005,8,212,450,Active,,,https://www.redfin.com/IL/Franklin-Park/9670-Franklin-Ave-60131/unit-214/home/12602147,MRED as Distributed by MLS Grid,12401406,N,Y,41.9364253,-87.8670899
MLS Listing,,Single Family Residential,6326 W Berenice Ave,Chicago,IL,60634,345000,2,2.0,CHI - Dunning,1165,3050,1925,9,296,,Active,,,https://www.redfin.com/IL/Chicago/6326-W-Berenice-Ave-60634/home/13467813,MRED as Distributed by MLS Grid,12413316,N,Y,41.9506012,-87.7851144
MLS Listing,,Condo/Co-op,6441 W 18th St #2,Berwyn,IL,60402,129000,2,1.0,Berwyn,900,,1925,9,143,322,Active,,,https://www.redfin.com/IL/Berwyn/6441-18th-St-60402/unit-2/home/12716135,MRED as Distributed by MLS Grid,12413291,N,Y,41.856296,-87.785588
MLS Listing,,Condo/Co-op,5457 W Edmunds St Unit 1A,Chicago,IL,60630,204000,2,1.0,Edmund Estate,850,,,9,240,351,Active,July-19-2025 01:00 PM,July-19-2025 03:00 PM,https://www.redfin.com/IL/Chicago/5457-W-Edmunds-St-60630/unit-1A/home/196000029,MRED as Distributed by MLS Grid,12413199,N,Y,41.971289,-87.764918
MLS Listing,,Condo/Co-op,4838 Howard St #301,Skokie,IL,60077,279900,2,1.5,Lincoln Point,1280,,1968,9,219,333,Active,,,https://www.redfin.com/IL/Skokie/4838-Howard-St-60077/unit-301/home/196129451,MRED as Distributed by MLS Grid,12413036,N,Y,42.0192522,-87.7493936
MLS Listing,,Single Family Residential,1215 Webster Ln,Des Plaines,IL,60018,349000,2,1.0,Des Plaines,1000,7143,1953,9,349,,Active,July-19-2025 12:00 PM,July-19-2025 02:00 PM,https://www.redfin.com/IL/Des-Plaines/1215-Webster-Ln-60018/home/13660281,MRED as Distributed by MLS Grid,12406671,N,Y,42.0306582,-87.8996678
MLS Listing,,Condo/Co-op,3707 W Cullom Ave #1,Chicago,IL,60618,217500,2,1.0,CHI - Irving Park,,,,9,,325,Active,,,https://www.redfin.com/IL/Chicago/3707-W-Cullom-Ave-60618/unit-1/home/21844312,MRED as Distributed by MLS Grid,12412750,N,Y,41.9590711,-87.7209492
MLS Listing,,Condo/Co-op,2158 W Giddings St #1,Chicago,IL,60625,375000,2,1.0,CHI - Lincoln Square,,,1919,9,,218,Active,,,https://www.redfin.com/IL/Chicago/2158-W-Giddings-St-60625/unit-1/home/195960186,MRED as Distributed by MLS Grid,12412646,N,Y,41.9680153,-87.6830487
MLS Listing,,Condo/Co-op,5200 N Rockwell St Unit 3N,Chicago,IL,60625,259000,2,2.0,CHI - Lincoln Square,,,1978,9,,220,Active,,,https://www.redfin.com/IL/Chicago/5200-N-Rockwell-St-60625/unit-3N/home/13491886,MRED as Distributed by MLS Grid,12412621,N,Y,41.9760874,-87.6942434
MLS Listing,,Condo/Co-op,4833 N Harding Ave Unit GDN,Chicago,IL,60625,284900,2,2.0,CHI - Albany Park,1200,,2017,9,237,,Active,,,https://www.redfin.com/IL/Chicago/4833-N-Harding-Ave-60625/unit-GDN/home/195848831,MRED as Distributed by MLS Grid,12412378,N,Y,41.9693178,-87.726536
MLS Listing,,Condo/Co-op,4507 N Paulina St Unit 2S,Chicago,IL,60640,295000,2,2.0,CHI - Uptown,700,,1913,9,421,353,Active,,,https://www.redfin.com/IL/Chicago/4507-N-Paulina-St-60640/unit-2S/home/183923156,MRED as Distributed by MLS Grid,12412183,N,Y,41.9636717,-87.6705911
MLS Listing,,Condo/Co-op,4342 N Kedvale Ave Unit 3C,Chicago,IL,60641,194900,2,1.0,CHI - Irving Park,900,,1962,9,217,277,Active,,,https://www.redfin.com/IL/Chicago/4342-N-Kedvale-Ave-60641/unit-3C/home/12653162,MRED as Distributed by MLS Grid,12411499,N,Y,41.9603494,-87.7315792
MLS Listing,,Condo/Co-op,5717 N Kimball Ave Unit 2N,Chicago,IL,60659,215000,2,1.0,CHI - North Park,1100,,1931,9,195,271,Active,,,https://www.redfin.com/IL/Chicago/5717-N-Kimball-Ave-60659/unit-2N/home/39561428,MRED as Distributed by MLS Grid,12412245,N,Y,41.985381,-87.713384
MLS Listing,,Condo/Co-op,4054 W Palmer St #2,Chicago,IL,60639,239500,2,1.0,CHI - Hermosa,700,,,10,342,140,Active,,,https://www.redfin.com/IL/Chicago/4054-W-Palmer-St-60639/unit-2/home/26806582,MRED as Distributed by MLS Grid,12412075,N,Y,41.9209617,-87.7287881
MLS Listing,,Condo/Co-op,6968 W Diversey Ave #7,Chicago,IL,60707,189900,2,1.0,CHI - Montclare,800,,1965,10,237,287,Active,,,https://www.redfin.com/IL/Chicago/6968-W-Diversey-Ave-60707/unit-7/home/12754197,MRED as Distributed by MLS Grid,12412000,N,Y,41.9310886,-87.8004539
MLS Listing,,Condo/Co-op,4170 Cove Ln Unit 2B,Glenview,IL,60025,249900,2,2.0,Dearlove Cove,1030,,1978,10,243,272,Active,,,https://www.redfin.com/IL/Glenview/4170-Cove-Ln-60025/unit-2B/home/183930302,MRED as Distributed by MLS Grid,12411975,N,Y,42.0717042,-87.8590012
MLS Listing,,Townhouse,3050 Ashton Ct,Westchester,IL,60154,340000,2,2.0,Westchester Place,1473,2520,1984,10,231,230,Active,,,https://www.redfin.com/IL/Westchester/3050-Ashton-Ct-60154/home/13299632,MRED as Distributed by MLS Grid,12411431,N,Y,41.834522,-87.8942354
MLS Listing,,Condo/Co-op,4333 N Troy St Unit 3E,Chicago,IL,60618,249900,2,1.0,CHI - Irving Park,802,,,10,312,311,Active,,,https://www.redfin.com/IL/Chicago/4333-N-Troy-St-60618/unit-3E/home/18919762,MRED as Distributed by MLS Grid,12391687,N,Y,41.9605044,-87.7066404
MLS Listing,,Condo/Co-op,2545 S Dearborn St #405,Chicago,IL,60616,340000,2,2.0,Opera Lofts,1133,,1909,11,300,460,Active,,,https://www.redfin.com/IL/Chicago/2545-S-Dearborn-St-60616/unit-405/home/113097005,MRED as Distributed by MLS Grid,12382607,N,Y,41.8464546,-87.6278222
MLS Listing,,Single Family Residential,3120 N Natoma Ave,Chicago,IL,60634,395000,2,1.5,CHI - Montclare,955,3810,1913,11,414,,Active,,,https://www.redfin.com/IL/Chicago/3120-N-Natoma-Ave-60634/home/13435959,MRED as Distributed by MLS Grid,12403245,N,Y,41.9370739,-87.7922788
MLS Listing,,Single Family Residential,5535 S Fairfield Ave,Chicago,IL,60629,184900,2,1.0,CHI - Gage Park,965,3780,1926,11,192,,Active,,,https://www.redfin.com/IL/Chicago/5535-S-Fairfield-Ave-60629/home/14015237,MRED as Distributed by MLS Grid,12410776,N,Y,41.7927159,-87.6922967
MLS Listing,,Condo/Co-op,6422 N Hamilton Ave Unit 3A,Chicago,IL,60645,184900,2,1.0,CHI - West Ridge,900,,1963,11,205,272,Active,,,https://www.redfin.com/IL/Chicago/6422-N-Hamilton-Ave-60645/unit-3A/home/18926269,MRED as Distributed by MLS Grid,12384491,N,Y,41.9985097,-87.6841742
MLS Listing,,Condo/Co-op,817 E 53rd St #3,Chicago,IL,60615,175000,2,1.0,CHI - Hyde Park,1028,,1927,11,170,348,Active,,,https://www.redfin.com/IL/Chicago/817-E-53rd-St-60615/unit-3/home/13949095,MRED as Distributed by MLS Grid,12406849,N,Y,41.7983539,-87.6055494
MLS Listing,,Single Family Residential,2722 Euclid Ave,Berwyn,IL,60402,299914,2,2.0,Berwyn,910,4410,1924,12,330,,Active,,,https://www.redfin.com/IL/Berwyn/2722-Euclid-Ave-60402/home/14137289,MRED as Distributed by MLS Grid,12411410,N,Y,41.8406952,-87.7921073
MLS Listing,,Condo/Co-op,4444 N Central Ave Unit 2W,Chicago,IL,60630,199999,2,1.0,CHI - Portage Park,950,,1964,12,211,268,Active,,,https://www.redfin.com/IL/Chicago/4444-N-Central-Ave-60630/unit-2W/home/12707986,MRED as Distributed by MLS Grid,12411018,N,Y,41.961818,-87.767606
MLS Listing,,Condo/Co-op,3252 S Prairie Ave Unit 2S,Chicago,IL,60616,220000,2,2.0,CHI - Douglas,1500,,,12,147,330,Active,,,https://www.redfin.com/IL/Chicago/3252-S-Prairie-Ave-60616/unit-2S/home/12763457,MRED as Distributed by MLS Grid,12409729,N,Y,41.8349791,-87.6209013
MLS Listing,,Condo/Co-op,4523.5 S Drexel Blvd Unit 3W,Chicago,IL,60653,169900,2,1.0,CHI - Kenwood,,,1918,12,,357,Active,,,https://www.redfin.com/IL/Chicago/4523-S-Drexel-Blvd-60653/unit-3W/home/12782755,MRED as Distributed by MLS Grid,12411157,N,Y,41.8124462,-87.6033266
MLS Listing,,Condo/Co-op,7952 Madison St Unit 2E,River Forest,IL,60305,199900,2,1.0,River Forest,850,,,13,235,259,Active,,,https://www.redfin.com/IL/River-Forest/7952-Madison-St-60305/unit-2E/home/12794092,MRED as Distributed by MLS Grid,12410982,N,Y,41.8794326,-87.8229936
MLS Listing,,Single Family Residential,2150 W Coulter St,Chicago,IL,60608,330000,2,1.0,CHI - Lower West Side,2513,2500,,13,131,,Active,,,https://www.redfin.com/IL/Chicago/2150-W-Coulter-St-60608/home/14078686,MRED as Distributed by MLS Grid,12391587,N,Y,41.8479926,-87.6801387
MLS Listing,,Condo/Co-op,2545 N 72nd Ct #4,Elmwood Park,IL,60707,265000,2,2.0,Elmwood Park,1100,,1986,13,241,200,Active,,,https://www.redfin.com/IL/Elmwood-Park/2545-N-72nd-Ct-60707/unit-4/home/13536318,MRED as Distributed by MLS Grid,12410753,N,Y,41.9270116,-87.8072036
MLS Listing,,Condo/Co-op,6800 N California Ave Unit 2M,Chicago,IL,60645,298000,2,2.0,CHI - West Ridge,1210,,1960,13,246,445,Active,,,https://www.redfin.com/IL/Chicago/6800-N-California-Ave-60645/unit-2M/home/196263991,MRED as Distributed by MLS Grid,12410704,N,Y,42.0056498,-87.7002384
MLS Listing,,Condo/Co-op,555 Graceland Ave #505,Des Plaines,IL,60016,279999,2,2.0,Des Plaines,,,1979,13,,464,Active,,,https://www.redfin.com/IL/Des-Plaines/555-Graceland-Ave-60016/unit-505/home/13664941,MRED as Distributed by MLS Grid,12410389,N,Y,42.0432992,-87.8890738
MLS Listing,,Condo/Co-op,1225 W Greenleaf Ave Unit 3E,Chicago,IL,60626,269900,2,1.0,CHI - Rogers Park,,,,13,,380,Active,July-20-2025 10:30 AM,July-20-2025 12:00 PM,https://www.redfin.com/IL/Chicago/1225-W-Greenleaf-Ave-60626/unit-3E/home/12629852,MRED as Distributed by MLS Grid,12403988,N,Y,42.0100648,-87.661075
MLS Listing,,Townhouse,5115 N Springfield Ave Unit B,Chicago,IL,60625,329000,2,1.5,CHI - Albany Park,1036,14400,1954,14,318,,Active,,,https://www.redfin.com/IL/Chicago/5115-N-Springfield-Ave-60625/unit-B/home/13493714,MRED as Distributed by MLS Grid,12410193,N,Y,41.9742121,-87.7253616
MLS Listing,,Condo/Co-op,2355 W Congress Pkwy #1,Chicago,IL,60612,305000,2,2.0,CHI - Near West Side,1200,,2002,14,254,300,Active,,,https://www.redfin.com/IL/Chicago/2355-W-Congress-Pkwy-60612/unit-1/home/12693436,MRED as Distributed by MLS Grid,12407896,N,Y,41.874867,-87.685845
MLS Listing,,Condo/Co-op,4610 N Monticello Ave Unit 3E,Chicago,IL,60625,225000,2,2.0,CHI - Albany Park,,,1926,14,,317,Active,,,https://www.redfin.com/IL/Chicago/4610-N-Monticello-Ave-60625/unit-3E/home/12573043,MRED as Distributed by MLS Grid,12409353,N,Y,41.9650835,-87.7196375
MLS Listing,,Condo/Co-op,873 N Larrabee St #410,Chicago,IL,60610,390000,2,2.0,,1100,,2006,14,355,477,Active,,,https://www.redfin.com/IL/Chicago/Undisclosed-address-60610/home/18928423,MRED as Distributed by MLS Grid,12408770,N,Y,41.898639,-87.642694
MLS Listing,,Condo/Co-op,7635 1/2 N Greenview Ave Unit 1S,Chicago,IL,60626,239999,2,2.0,CHI - Rogers Park,800,,1925,14,300,384,Active,,,https://www.redfin.com/IL/Chicago/7635-1-2-N-Greenview-Ave-60626/unit-1S/home/196253791,MRED as Distributed by MLS Grid,12409072,N,Y,42.0204528,-87.6674996
MLS Listing,,Condo/Co-op,4744 S Prairie Ave Unit 1A,Chicago,IL,60615,210000,2,2.0,CHI - Grand Boulevard,1560,,1900,14,135,400,Active,,,https://www.redfin.com/IL/Chicago/4744-S-Prairie-Ave-60615/unit-1A/home/12750315,MRED as Distributed by MLS Grid,12406605,N,Y,41.8080611,-87.61997
MLS Listing,,Condo/Co-op,6433 W Belle Plaine Ave #209,Chicago,IL,60634,304900,2,2.0,CHI - Dunning,1200,1,1991,15,254,412,Active,,,https://www.redfin.com/IL/Chicago/6433-W-Belle-Plaine-Ave-60634/unit-209/home/183672203,MRED as Distributed by MLS Grid,12409109,N,Y,41.9547374,-87.7877849
MLS Listing,,Condo/Co-op,4829 N Kimball Ave #2,Chicago,IL,60625,310000,2,2.0,CHI - Albany Park,1300,,1917,15,238,428,Active,,,https://www.redfin.com/IL/Chicago/4829-N-Kimball-Ave-60625/unit-2/home/18940151,MRED as Distributed by MLS Grid,12408951,N,Y,41.9692639,-87.7131389
MLS Listing,,Single Family Residential,5322 W 22nd Pl,Cicero,IL,60804,215000,2,1.0,Cicero,3000,3125,1922,15,72,,Active,,,https://www.redfin.com/IL/Cicero/5322-W-22nd-Pl-60804/home/14145437,MRED as Distributed by MLS Grid,12408769,N,Y,41.8503135,-87.7577517
MLS Listing,,Condo/Co-op,8230 N Elmwood St #405,Skokie,IL,60077,239900,2,2.0,Skokie,1000,,1970,15,240,345,Active,,,https://www.redfin.com/IL/Skokie/8230-Elmwood-Ave-60077/unit-405/home/13611535,MRED as Distributed by MLS Grid,12408277,N,Y,42.0307987,-87.7516835
MLS Listing,,Condo/Co-op,7120 N Milwaukee Ave #508,Niles,IL,60714,318900,2,2.0,Niles,1250,,1993,15,255,375,Active,,,https://www.redfin.com/IL/Niles/7120-N-Milwaukee-Ave-60714/unit-508/home/13593420,MRED as Distributed by MLS Grid,12408259,N,Y,42.0105575,-87.8008469
MLS Listing,,Condo/Co-op,4717 N Kenmore Ave Unit GS,Chicago,IL,60640,347000,2,2.0,CHI - Uptown,1008,,1901,15,344,327,Active,July-19-2025 10:00 AM,July-19-2025 12:00 PM,https://www.redfin.com/IL/Chicago/4717-N-Kenmore-Ave-60640/unit-GS/home/26808213,MRED as Distributed by MLS Grid,12408183,N,Y,41.9678058,-87.6559178
MLS Listing,,Condo/Co-op,9331 Landings Ln #204,Des Plaines,IL,60016,255000,2,2.0,Landings,1297,,1972,15,197,487,Active,,,https://www.redfin.com/IL/Des-Plaines/9331-Landings-Ln-60016/unit-204/home/13669957,MRED as Distributed by MLS Grid,12408100,N,Y,42.0421442,-87.8577887
MLS Listing,,Condo/Co-op,9346 Landings Ln #303,Des Plaines,IL,60016,237900,2,2.0,Landings,1400,,1981,16,170,377,Active,July-19-2025 11:00 AM,July-19-2025 02:00 PM,https://www.redfin.com/IL/Des-Plaines/9346-Landings-Ln-60016/unit-303/home/22851394,MRED as Distributed by MLS Grid,12399354,N,Y,42.0408755,-87.8578658
MLS Listing,,Condo/Co-op,2652 W Rascher Ave #304,Chicago,IL,60625,229000,2,1.5,CHI - Lincoln Square,,,1965,16,,275,Active,,,https://www.redfin.com/IL/Chicago/2652-W-Rascher-Ave-60625/unit-304/home/12625916,MRED as Distributed by MLS Grid,12407775,N,Y,41.9807143,-87.696276
MLS Listing,,Condo/Co-op,7311 N Ashland Blvd Unit 2A,Chicago,IL,60626,267000,2,2.0,CHI - Rogers Park,1200,,1970,16,223,300,Active,,,https://www.redfin.com/IL/Chicago/7311-N-Ashland-Ave-60626/unit-2A/home/21809285,MRED as Distributed by MLS Grid,12300359,N,Y,42.0142326,-87.6699621
MLS Listing,,Condo/Co-op,7319 N Oakley Ave Unit 3A,Chicago,IL,60645,175000,2,1.0,CHI - West Ridge,1200,,,16,146,406,Active,,,https://www.redfin.com/IL/Chicago/7319-N-Oakley-Ave-60645/unit-3A/home/12796174,MRED as Distributed by MLS Grid,12407298,N,Y,42.014679,-87.687262
MLS Listing,,Condo/Co-op,6229 N Niagara Ave #209,Chicago,IL,60631,230000,2,2.0,CHI - Norwood Park,1200,,1974,16,192,,Active,,,https://www.redfin.com/IL/Chicago/6229-N-Niagara-Ave-60631/unit-209/home/13508560,MRED as Distributed by MLS Grid,12407279,N,Y,41.9939028,-87.7997634
MLS Listing,,Single Family Residential,3301 S Hamilton Ave,Chicago,IL,60608,369000,2,2.0,CHI - McKinley Park,,2750,1887,16,,,Active,,,https://www.redfin.com/IL/Chicago/3301-S-Hamilton-Ave-60608/home/12554737,MRED as Distributed by MLS Grid,12406309,N,Y,41.8339141,-87.6788008
MLS Listing,,Condo/Co-op,1410 W Sunnyside Ave Unit 1S,Chicago,IL,60640,349500,2,2.0,Sheridan Park,,,1931,16,,424,Active,,,https://www.redfin.com/IL/Chicago/1410-W-Sunnyside-Ave-60640/unit-1S/home/13394623,MRED as Distributed by MLS Grid,12406976,N,Y,41.9636125,-87.6656842
MLS Listing,,Condo/Co-op,2807 S Halsted St #201,Chicago,IL,60608,370000,2,2.0,CHI - Bridgeport,912,,2025,18,406,,Active,,,https://www.redfin.com/IL/Chicago/2807-S-Halsted-St-60608/unit-201/home/196213982,MRED as Distributed by MLS Grid,12406578,N,Y,41.8431564,-87.6464
MLS Listing,,Single Family Residential,3612 East Ave,Berwyn,IL,60402,234900,2,1.0,Berwyn,995,3690,1928,18,236,,Active,,,https://www.redfin.com/IL/Berwyn/3612-East-Ave-60402/home/14134917,MRED as Distributed by MLS Grid,12404163,N,Y,41.8262686,-87.7879985
MLS Listing,,Condo/Co-op,819 Forest Ave Unit 2W,Evanston,IL,60202,310000,2,2.0,Forest Court,,,1925,18,,462,Active,,,https://www.redfin.com/IL/Evanston/819-Forest-Ave-60202/unit-2W/home/12808985,MRED as Distributed by MLS Grid,12393912,N,Y,42.032949,-87.6734949
MLS Listing,,Condo/Co-op,3312 W Beach Ave #1,Chicago,IL,60651,289900,2,2.0,CHI - Humboldt Park,1800,,2002,19,161,180,Active,,,https://www.redfin.com/IL/Chicago/3312-W-Beach-Ave-60651/unit-1/home/12699157,MRED as Distributed by MLS Grid,12405636,N,Y,41.9075617,-87.7100305
MLS Listing,,Condo/Co-op,3811 S Langley Ave #301,Chicago,IL,60653,239999,2,1.5,CHI - Oakland,1300,,2007,19,185,224,Active,,,https://www.redfin.com/IL/Chicago/3811-S-Langley-Ave-60653/unit-301/home/26822534,MRED as Distributed by MLS Grid,11842626,N,Y,41.8254031,-87.6095162
MLS Listing,,Townhouse,7272 N Rogers Ave,Chicago,IL,60645,359000,2,2.0,CHI - Rogers Park,1358,,2003,19,264,250,Active,July-17-2025 05:00 PM,July-17-2025 07:00 PM,https://www.redfin.com/IL/Chicago/7272-N-Rogers-Ave-60645/home/12703313,MRED as Distributed by MLS Grid,12405227,N,Y,42.013616,-87.6806917
MLS Listing,,Condo/Co-op,3201 W Leland Ave #406,Chicago,IL,60625,359900,2,2.0,CHI - Albany Park,1150,,2010,19,313,419,Active,July-19-2025 12:00 PM,July-19-2025 02:00 PM,https://www.redfin.com/IL/Chicago/3201-W-Leland-Ave-60625/unit-406/home/45511619,MRED as Distributed by MLS Grid,12400299,N,Y,41.966384,-87.708777
MLS Listing,,Condo/Co-op,4111 N Kenmore Ave Unit 1NG,Chicago,IL,60613,335000,2,2.0,CHI - Uptown,1089,,,19,308,371,Active,,,https://www.redfin.com/IL/Chicago/4111-N-Kenmore-Ave-60613/unit-1NG/home/180656035,MRED as Distributed by MLS Grid,12379162,N,Y,41.9568708,-87.6558461
MLS Listing,,Condo/Co-op,2501 W Touhy Ave #105,Chicago,IL,60645,198000,2,1.0,CHI - West Ridge,,,1945,20,,350,Active,,,https://www.redfin.com/IL/Chicago/2501-W-Touhy-Ave-60645/unit-105/home/18929722,MRED as Distributed by MLS Grid,12405052,N,Y,42.0120047,-87.6928528
MLS Listing,,Condo/Co-op,4115 S Harlem Ave Unit GE,Stickney,IL,60402,135000,2,1.0,Stickney,700,,,20,193,300,Active,,,https://www.redfin.com/IL/Berwyn/4115-S-Harlem-Ave-60402/unit-GE/home/196199507,MRED as Distributed by MLS Grid,12401720,N,Y,41.8168163,-87.8021382
MLS Listing,,Single Family Residential,4445 Grove Ave,Stickney,IL,60402,329900,2,1.0,Stickney,970,5519,1944,20,340,,Active,,,https://www.redfin.com/IL/Berwyn/4445-Grove-Ave-60402/home/14029172,MRED as Distributed by MLS Grid,12404837,N,Y,41.8109522,-87.7931108
MLS Listing,,Condo/Co-op,21 E 26th St #3,Chicago,IL,60616,339900,2,2.0,CHI - Douglas,1500,,2005,20,227,285,Active,,,https://www.redfin.com/IL/Chicago/21-E-26th-St-60616/unit-3/home/18913508,MRED as Distributed by MLS Grid,12339208,N,Y,41.8453701,-87.6259713
MLS Listing,,Condo/Co-op,200 Thames Pkwy Unit 1B,Park Ridge,IL,60068,195000,2,2.0,Park Ridge,1300,,,20,150,,Active,,,https://www.redfin.com/IL/Park-Ridge/200-Thames-Pkwy-60068/unit-1B/home/13641978,MRED as Distributed by MLS Grid,12388813,N,Y,42.0072316,-87.8583174
MLS Listing,,Condo/Co-op,3612 S Prairie Ave #2,Chicago,IL,60653,245000,2,1.0,CHI - Douglas,1500,,1890,20,163,202,Active,,,https://www.redfin.com/IL/Chicago/3612-S-Prairie-Ave-60653/unit-2/home/18941454,MRED as Distributed by MLS Grid,12393789,N,Y,41.8286513,-87.6207819
MLS Listing,,Condo/Co-op,850 Des Plaines Ave #207,Forest Park,IL,60130,171000,2,2.0,Forest Park,1126,,1974,20,152,294,Active,,,https://www.redfin.com/IL/Forest-Park/850-Des-Plaines-Ave-60130/unit-207/home/13320173,MRED as Distributed by MLS Grid,12404526,N,Y,41.8705143,-87.8166531
MLS Listing,,Condo/Co-op,1670 Mill St #508,Des Plaines,IL,60016,299900,2,2.0,Des Plaines,1135,,2008,20,264,386,Active,,,https://www.redfin.com/IL/Des-Plaines/1670-Mill-St-60016/unit-508/home/39550276,MRED as Distributed by MLS Grid,12403728,N,Y,42.0409769,-87.8825697
MLS Listing,,Condo/Co-op,7420 W Lawrence Ave #402,Harwood Heights,IL,60706,320000,2,2.0,Courtyard of Harwood Heights,1391,,1992,20,230,399,Active,,,https://www.redfin.com/IL/Harwood-Heights/7420-W-Lawrence-Ave-60706/unit-402/home/13555343,MRED as Distributed by MLS Grid,12404361,N,Y,41.9679165,-87.8129835
MLS Listing,,Townhouse,1770 Henley St Unit C,Glenview,IL,60025,395000,2,1.5,Glenview / Golf,1757,,1979,20,225,180,Active,,,https://www.redfin.com/IL/Glenview/1770-Henley-St-60025/unit-C/home/13792265,MRED as Distributed by MLS Grid,12403984,N,Y,42.070734,-87.803017
MLS Listing,,Condo/Co-op,808 N River Rd Unit 2A,Mount Prospect,IL,60056,220000,2,1.0,Mcdonald Creek,,,1983,20,,340,Active,,,https://www.redfin.com/IL/Mount-Prospect/808-N-River-Rd-60056/unit-2A/home/13837353,MRED as Distributed by MLS Grid,12394613,N,Y,42.0815528,-87.893645
MLS Listing,,Condo/Co-op,5100 N Sheridan Rd #410,Chicago,IL,60640,200000,2,1.0,CHI - Uptown,1250,,1974,21,160,390,Active,,,https://www.redfin.com/IL/Chicago/5100-N-Sheridan-Rd-60640/unit-410/home/13400086,MRED as Distributed by MLS Grid,12403491,N,Y,41.9754597,-87.6553771
MLS Listing,,Condo/Co-op,902 W Margate Ter Unit 2D,Chicago,IL,60640,207000,2,1.0,CHI - Uptown,,,1916,21,,246,Active,,,https://www.redfin.com/IL/Chicago/902-W-Margate-Ter-60640/unit-2D/home/196187810,MRED as Distributed by MLS Grid,12397667,N,Y,41.9727031,-87.6527601
MLS Listing,,Condo/Co-op,4518 S Woodlawn Ave #4518,Chicago,IL,60653,290000,2,1.5,CHI - Kenwood,1500,,2000,21,193,499,Active,,,https://www.redfin.com/IL/Chicago/4518-S-Woodlawn-Ave-60653/unit-4518/home/102071570,MRED as Distributed by MLS Grid,12403250,N,Y,41.8126107,-87.5971957
MLS Listing,,Single Family Residential,504 W Avery St,Elmhurst,IL,60126,350000,2,1.0,Elmhurst,1076,6098,1959,21,325,,Active,,,https://www.redfin.com/IL/Elmhurst/504-W-Avery-St-60126/home/18096776,MRED as Distributed by MLS Grid,12403068,N,Y,41.8649411,-87.9583484
MLS Listing,,Condo/Co-op,7650 W Lawrence Ave #201,Norridge,IL,60706,299999,2,2.0,Norridge,,,1983,21,,341,Active,,,https://www.redfin.com/IL/Harwood-Heights/7650-W-Lawrence-Ave-60706/unit-201/home/13555596,MRED as Distributed by MLS Grid,12403392,N,Y,41.9674432,-87.8188997
MLS Listing,,Condo/Co-op,7227 W Higgins Ave #404,Chicago,IL,60656,275000,2,1.5,Northwest Terrace,1300,,1970,22,212,424,Active,,,https://www.redfin.com/IL/Chicago/7227-W-Higgins-Ave-60656/unit-404/home/13556751,MRED as Distributed by MLS Grid,12395766,N,Y,41.98048,-87.8081062
MLS Listing,,Condo/Co-op,1071 W 15th St #209,Chicago,IL,60608,299900,2,1.0,CHI - Near West Side,850,,,22,353,475,Active,,,https://www.redfin.com/IL/Chicago/1071-W-15th-St-60608/unit-209/home/183900903,MRED as Distributed by MLS Grid,12399422,N,Y,41.8614,-87.652536
MLS Listing,,Condo/Co-op,745 S Independence Blvd Unit 3N,Chicago,IL,60624,214400,2,1.0,CHI - East Garfield Park,1500,,,22,143,281,Active,,,https://www.redfin.com/IL/Chicago/745-S-Independence-Blvd-60624/unit-3N/home/145012616,MRED as Distributed by MLS Grid,12401967,N,Y,41.8713043,-87.7194028
MLS Listing,,Condo/Co-op,500 W Huntington Commons Rd #454,Mount Prospect,IL,60056,265000,2,2.0,Mount Prospect,1215,,1976,22,218,427,Active,,,https://www.redfin.com/IL/Mount-Prospect/500-W-Huntington-Commons-Rd-60056/unit-454/home/13694607,MRED as Distributed by MLS Grid,12401059,N,Y,42.0440235,-87.9430859
MLS Listing,,Condo/Co-op,425 Home Ave Unit 3H,Oak Park,IL,60302,295000,2,2.0,Oak Park,1392,,1963,23,212,449,Active,,,https://www.redfin.com/IL/Oak-Park/425-Home-Ave-60302/unit-3H/home/13270013,MRED as Distributed by MLS Grid,12401205,N,Y,41.8806319,-87.8003234
MLS Listing,,Condo/Co-op,915 S Oak Park Ave Unit 1B,Oak Park,IL,60304,350000,2,2.0,Oak Park,1195,,2003,23,293,462,Active,July-20-2025 01:30 PM,July-20-2025 03:30 PM,https://www.redfin.com/IL/Oak-Park/915-S-Oak-Park-Ave-60304/unit-1B/home/12659007,MRED as Distributed by MLS Grid,12401183,N,Y,41.871434,-87.7943559
MLS Listing,,Condo/Co-op,1919 S Wolf Rd Unit 1-322,Hillside,IL,60162,193000,2,2.0,Hillside,1000,,1971,23,193,440,Active,,,https://www.redfin.com/IL/Hillside/1919-S-Wolf-Rd-60162/unit-1-322/home/18935644,MRED as Distributed by MLS Grid,12399030,N,Y,41.850993,-87.9008276
MLS Listing,,Single Family Residential,1327 Harlem Ave,Forest Park,IL,60130,145000,2,2.0,Forest Park,1265,3125,1919,23,115,,Active,,,https://www.redfin.com/IL/Forest-Park/1327-Harlem-Ave-60130/home/13307211,MRED as Distributed by MLS Grid,12401062,N,Y,41.862137,-87.804452
MLS Listing,,Condo/Co-op,1919 S Wolf Rd Unit 1-418,Hillside,IL,60162,185000,2,2.0,Hillside,1000,,,23,185,426,Active,,,https://www.redfin.com/IL/Hillside/1919-S-Wolf-Rd-60162/unit-1-418/home/18914721,MRED as Distributed by MLS Grid,12398958,N,Y,41.850993,-87.9008276
MLS Listing,,Condo/Co-op,6433 N Damen Ave Unit 3E,Chicago,IL,60645,220000,2,2.0,CHI - West Ridge,986,,1954,23,223,319,Active,July-20-2025 12:00 PM,July-20-2025 03:00 PM,https://www.redfin.com/IL/Chicago/6433-N-Damen-Ave-60645/unit-3E/home/18943902,MRED as Distributed by MLS Grid,12401273,N,Y,41.998992,-87.679843
MLS Listing,,Condo/Co-op,6568 W Roscoe St Unit 2N,Chicago,IL,60634,195000,2,1.0,CHI - Dunning,1100,,1974,23,177,320,Active,,,https://www.redfin.com/IL/Chicago/6568-W-Roscoe-St-60634/unit-2N/home/13467206,MRED as Distributed by MLS Grid,12401263,N,Y,41.9428464,-87.7909441
MLS Listing,,Condo/Co-op,3630 N Harlem Ave #407,Chicago,IL,60634,299500,2,2.0,Verandas on Harlem,1160,,2007,24,258,332,Active,,,https://www.redfin.com/IL/Chicago/3630-N-Harlem-Ave-60634/unit-407/home/26803879,MRED as Distributed by MLS Grid,12400163,N,Y,41.9459823,-87.8073075
MLS Listing,,Condo/Co-op,900 W Ainslie St Unit A,Chicago,IL,60640,399000,2,1.5,CHI - Uptown,1331,,1922,24,300,403,Active,,,https://www.redfin.com/IL/Chicago/900-W-Ainslie-St-60640/unit-A/home/13398142,MRED as Distributed by MLS Grid,12378543,N,Y,41.9718867,-87.6527954
MLS Listing,,Single Family Residential,5059 W 29th Pl,Cicero,IL,60804,220000,2,1.0,Cicero,1200,,1904,25,183,,Active,,,https://www.redfin.com/IL/Cicero/5059-W-29th-Pl-60804/home/14143567,MRED as Distributed by MLS Grid,12353041,N,Y,41.839101,-87.7516588
MLS Listing,,Condo/Co-op,1360 E Madison Park Unit B,Chicago,IL,60615,219000,2,1.0,CHI - Kenwood,1450,,1925,25,151,353,Active,,,https://www.redfin.com/IL/Chicago/1360-E-Madison-Park-60615/unit-B/home/190053155,MRED as Distributed by MLS Grid,12400043,N,Y,41.8034765,-87.5928039
MLS Listing,,Condo/Co-op,4834 W Henderson St Unit 1B,Chicago,IL,60641,199900,2,1.0,CHI - Portage Park,,,1930,25,,253,Active,,,https://www.redfin.com/IL/Chicago/4834-W-Henderson-St-60641/unit-1B/home/26805686,MRED as Distributed by MLS Grid,12400017,N,Y,41.9418174,-87.7484775
MLS Listing,,Condo/Co-op,1670 Mill St #208,Des Plaines,IL,60016,279900,2,2.0,Des Plaines,1135,,2008,25,247,375,Active,,,https://www.redfin.com/IL/Des-Plaines/1670-Mill-St-60016/unit-208/home/39548601,MRED as Distributed by MLS Grid,12400025,N,Y,42.0409769,-87.8825697
MLS Listing,,Condo/Co-op,8610 W Summerdale Ave Unit 3N,Chicago,IL,60656,224900,2,1.0,CHI - O'Hare,950,,1970,25,237,215,Active,,,https://www.redfin.com/IL/Chicago/8610-W-Summerdale-Ave-60656/unit-3N/home/12577139,MRED as Distributed by MLS Grid,12384488,N,Y,41.9762862,-87.8421106
MLS Listing,,Condo/Co-op,4351 S Forrestville Ave Unit G,Chicago,IL,60653,185000,2,2.0,CHI - Grand Boulevard,1000,4000,,26,185,205,Active,,,https://www.redfin.com/IL/Chicago/4351-S-Forrestville-Ave-60653/unit-G/home/40383029,MRED as Distributed by MLS Grid,12399717,N,Y,41.8150862,-87.6125498
MLS Listing,,Condo/Co-op,6221 N Niagara Ave #507,Chicago,IL,60631,235000,2,2.0,CHI - Norwood Park,,,1972,26,,450,Active,,,https://www.redfin.com/IL/Chicago/6221-N-Niagara-Ave-60631/unit-507/home/13507978,MRED as Distributed by MLS Grid,12398290,N,Y,41.9935942,-87.7995343
MLS Listing,,Single Family Residential,4154 Elm Ave,Brookfield,IL,60513,349900,2,1.0,Brookfield,1160,3571,1949,26,302,,Active,,,https://www.redfin.com/IL/Brookfield/4154-Elm-Ave-60513/home/14067436,MRED as Distributed by MLS Grid,12384110,N,Y,41.8150545,-87.8504139
MLS Listing,,Condo/Co-op,4220 S Champlain Ave Unit 2N,Chicago,IL,60653,240000,2,2.0,CHI - Grand Boulevard,1200,,1901,26,200,320,Active,,,https://www.redfin.com/IL/Chicago/4220-S-Champlain-Ave-60653/unit-2N/home/12658086,MRED as Distributed by MLS Grid,12394034,N,Y,41.8178617,-87.6106607
MLS Listing,,Condo/Co-op,4030 N Mozart St Unit 3N,Chicago,IL,60618,274500,2,1.0,CHI - Irving Park,1100,,1961,26,250,390,Active,,,https://www.redfin.com/IL/Chicago/4030-N-Mozart-St-60618/unit-3N/home/26805334,MRED as Distributed by MLS Grid,12395592,N,Y,41.9550113,-87.699802
MLS Listing,,Condo/Co-op,4210 N Natchez Ave #208,Chicago,IL,60634,340000,2,1.0,CHI - Dunning,1200,,2000,26,283,386,Active,,,https://www.redfin.com/IL/Chicago/4210-N-Natchez-Ave-60634/unit-208/home/12754210,MRED as Distributed by MLS Grid,12395327,N,Y,41.9571565,-87.7893695
MLS Listing,,Condo/Co-op,4124 N Kenmore Ave Unit GS,Chicago,IL,60613,375000,2,2.0,CHI - Uptown,,12625,1998,27,,254,Active,,,https://www.redfin.com/IL/Chicago/4124-N-Kenmore-Ave-60613/unit-GS/home/196139460,MRED as Distributed by MLS Grid,12396607,N,Y,41.9572426,-87.6564878
MLS Listing,,Condo/Co-op,1636 Ashland Ave #209,Des Plaines,IL,60016,308000,2,2.0,Des Plaines,1400,,1999,27,220,458,Active,,,https://www.redfin.com/IL/Des-Plaines/1636-Ashland-Ave-60016/unit-209/home/12801455,MRED as Distributed by MLS Grid,12393894,N,Y,42.0368098,-87.8836036
MLS Listing,,Condo/Co-op,390 S Western Ave #512,Des Plaines,IL,60016,315000,2,1.5,Des Plaines,1260,,2007,27,250,440,Active,,,https://www.redfin.com/IL/Des-Plaines/390-S-Western-Ave-60016/unit-512/home/26800407,MRED as Distributed by MLS Grid,12398164,N,Y,42.0463123,-87.8961489
MLS Listing,,Single Family Residential,3304 N Ozanam Ave,Chicago,IL,60634,369000,2,1.0,CHI - Dunning,800,3125,1949,27,461,,Active,,,https://www.redfin.com/IL/Chicago/3304-N-Ozanam-Ave-60634/home/13541932,MRED as Distributed by MLS Grid,12398163,N,Y,41.9397627,-87.8217428
MLS Listing,,Condo/Co-op,1601 N 76th Ct #307,Elmwood Park,IL,60707,219900,2,2.0,Elmwood Park,1259,,1969,27,175,381,Active,,,https://www.redfin.com/IL/Elmwood-Park/1601-N-76th-Ct-60707/unit-307/home/13522450,MRED as Distributed by MLS Grid,12398156,N,Y,41.9090044,-87.8165136
MLS Listing,,Condo/Co-op,1205 N Harlem Ave #6,Oak Park,IL,60302,199500,2,2.0,Oak Park,1200,,1981,27,166,479,Active,,,https://www.redfin.com/IL/Oak-Park/1205-N-Harlem-Ave-60302/unit-6/home/13274191,MRED as Distributed by MLS Grid,12394839,N,Y,41.9019048,-87.8052662
MLS Listing,,Condo/Co-op,2342 W Adams St Unit 1B,Chicago,IL,60612,399000,2,1.5,CHI - Near West Side,,,2022,27,,,Active,,,https://www.redfin.com/IL/Chicago/2342-W-Adams-St-60612/unit-1B/home/185554757,MRED as Distributed by MLS Grid,12397909,N,Y,41.8787265,-87.6857267
MLS Listing,,Condo/Co-op,25 S La Grange Rd Unit E,La Grange,IL,60525,299900,2,1.0,La Grange,950,,1900,27,316,324,Active,,,https://www.redfin.com/IL/La-Grange/25-S-La-Grange-Rd-60525/unit-E/home/28473408,MRED as Distributed by MLS Grid,12390800,N,Y,41.8150212,-87.8693412
MLS Listing,,Condo/Co-op,6455 N Bell Ave #2,Chicago,IL,60645,174900,2,1.0,CHI - West Ridge,1000,,1928,28,175,382,Active,,,https://www.redfin.com/IL/Chicago/6455-N-Bell-Ave-60645/unit-2/home/13570296,MRED as Distributed by MLS Grid,12397469,N,Y,41.9993869,-87.6861245
MLS Listing,,Single Family Residential,3441 S Ashland Ave,Chicago,IL,60608,200000,2,1.0,CHI - McKinley Park,640,2952,1888,28,313,,Active,,,https://www.redfin.com/IL/Chicago/3441-S-Ashland-Ave-60608/home/14075172,MRED as Distributed by MLS Grid,12397621,N,Y,41.8311746,-87.6652662
MLS Listing,,Condo/Co-op,1366 W Greenleaf Ave Unit 3N,Chicago,IL,60626,210000,2,1.0,CHI - Rogers Park,900,,1920,28,233,315,Active,,,https://www.redfin.com/IL/Chicago/1366-W-Greenleaf-Ave-60626/unit-3N/home/26802885,MRED as Distributed by MLS Grid,12395044,N,Y,42.0106055,-87.6651179
MLS Listing,,Condo/Co-op,200 Ridge Ave Unit 2C,Evanston,IL,60202,195000,2,1.0,Evanston,841,,1960,28,232,408,Active,,,https://www.redfin.com/IL/Evanston/200-Ridge-Ave-60202/unit-2C/home/13574218,MRED as Distributed by MLS Grid,12390588,N,Y,42.021222,-87.6853339
MLS Listing,,Condo/Co-op,947 E Hyde Park Blvd Unit G,Chicago,IL,60615,109900,2,1.0,CHI - Hyde Park,1000,,1908,28,110,375,Active,,,https://www.redfin.com/IL/Chicago/947-E-Hyde-Park-Blvd-60615/unit-G/home/12815790,MRED as Distributed by MLS Grid,12396133,N,Y,41.8021433,-87.602273
MLS Listing,,Single Family Residential,759 Norfolk Ave,Westchester,IL,60154,330000,2,2.0,Westchester,1020,5039,1944,28,324,,Active,,,https://www.redfin.com/IL/Westchester/759-Norfolk-Ave-60154/home/13313373,MRED as Distributed by MLS Grid,12396822,N,Y,41.8681938,-87.8714476
MLS Listing,,Townhouse,1007 S Oak Park Ave Unit E,Oak Park,IL,60304,260000,2,1.0,Oak Park,,,1955,28,,,Active,,,https://www.redfin.com/IL/Oak-Park/1007-S-Oak-Park-Ave-60304/unit-E/home/13248459,MRED as Distributed by MLS Grid,12396751,N,Y,41.8703712,-87.7942587
MLS Listing,,Condo/Co-op,2537.5 Prairie Ave Unit 3N,Evanston,IL,60201,297500,2,1.0,Evanston,,,1920,29,,259,Active,,,https://www.redfin.com/IL/Evanston/2537-5-Prairie-Ave-60201/unit-3N/home/196119190,MRED as Distributed by MLS Grid,12393963,N,Y,42.0643553,-87.7009696
MLS Listing,,Condo/Co-op,4330 N Neva Ave #411,Norridge,IL,60706,330000,2,2.0,Neva Manor,1056,,2006,29,313,314,Active,,,https://www.redfin.com/IL/Norridge/4330-N-Neva-Ave-60706/unit-411/home/12590063,MRED as Distributed by MLS Grid,12386992,N,Y,41.9599168,-87.8063604
MLS Listing,,Single Family Residential,1831 S 4th Ave,Maywood,IL,60153,237000,2,1.5,Maywood,828,5052,1923,30,286,,Active,,,https://www.redfin.com/IL/Maywood/1831-S-4th-Ave-60153/home/13319216,MRED as Distributed by MLS Grid,12395130,N,Y,41.870348,-87.8370376
MLS Listing,,Condo/Co-op,1423 N Ashland Ave #201,Chicago,IL,60622,319900,2,1.0,CHI - West Town,,,,30,,212,Active,,,https://www.redfin.com/IL/Chicago/1423-N-Ashland-Ave-60622/unit-201/home/26812330,MRED as Distributed by MLS Grid,12394878,N,Y,41.9077192,-87.6672637
MLS Listing,,Condo/Co-op,1847 N Kedzie Ave Unit 1N,Chicago,IL,60647,399900,2,2.0,CHI - Logan Square,1074,,1934,30,372,,Active,,,https://www.redfin.com/IL/Chicago/1847-N-Kedzie-Ave-60647/unit-1N/home/171312468,MRED as Distributed by MLS Grid,12394741,N,Y,41.915265,-87.7066809
MLS Listing,,Condo/Co-op,918 W Sunnyside Ave Unit 1B,Chicago,IL,60640,290000,2,1.0,CHI - Uptown,1100,,1925,30,264,487,Active,,,https://www.redfin.com/IL/Chicago/918-W-Sunnyside-Ave-60640/unit-1B/home/13393645,MRED as Distributed by MLS Grid,12394146,N,Y,41.9637659,-87.6531135
MLS Listing,,Condo/Co-op,1039 N Harlem Ave Unit 1SC,Oak Park,IL,60302,194900,2,1.0,Oak Park,900,,,32,217,394,Active,,,https://www.redfin.com/IL/Oak-Park/1039-N-Harlem-Ave-60302/unit-1SC/home/13274042,MRED as Distributed by MLS Grid,12390397,N,Y,41.8993695,-87.8050433
MLS Listing,,Condo/Co-op,2307 W Walton St Unit GW,Chicago,IL,60622,239900,2,1.0,CHI - West Town,800,,1920,33,300,158,Active,,,https://www.redfin.com/IL/Chicago/2307-W-Walton-St-60622/unit-GW/home/173027734,MRED as Distributed by MLS Grid,12393016,N,Y,41.8983461,-87.6847937
MLS Listing,,Condo/Co-op,4148 N Clarendon Ave #102,Chicago,IL,60613,349000,2,1.0,CHI - Uptown,850,,1911,33,411,350,Active,July-20-2025 12:00 PM,July-20-2025 02:00 PM,https://www.redfin.com/IL/Chicago/4148-N-Clarendon-Ave-60613/unit-102/home/195964128,MRED as Distributed by MLS Grid,12378735,N,Y,41.957139,-87.650153
MLS Listing,,Condo/Co-op,4752 N Albany Ave #3,Chicago,IL,60625,219000,2,1.0,CHI - Albany Park,700,,,33,313,305,Active,,,https://www.redfin.com/IL/Chicago/4752-N-Albany-Ave-60625/unit-3/home/12653265,MRED as Distributed by MLS Grid,12392835,N,Y,41.968218,-87.706277
MLS Listing,,Condo/Co-op,2121 N Saint Louis Ave Unit 3S,Chicago,IL,60647,297500,2,1.0,CHI - Logan Square,,3125,,33,,408,Active,,,https://www.redfin.com/IL/Chicago/2121-N-St-Louis-Ave-60647/unit-3S/home/77443266,MRED as Distributed by MLS Grid,12392832,N,Y,41.9197944,-87.7133835
MLS Listing,,Condo/Co-op,207 W Quincy St Unit GARD,Riverside,IL,60546,157900,2,1.0,Riverside,900,,,33,175,460,Active,,,https://www.redfin.com/IL/Riverside/207-W-Quincy-St-60546/unit-GARD/home/181190224,MRED as Distributed by MLS Grid,12392664,N,Y,41.824009,-87.8313405
MLS Listing,,Condo/Co-op,535 E Jefferson St Unit 2C,Bensenville,IL,60106,215000,2,1.0,Bensenville,,,,34,,401,Active,,,https://www.redfin.com/IL/Bensenville/535-E-Jefferson-St-60106/unit-2C/home/17971953,MRED as Distributed by MLS Grid,12392041,N,Y,41.9464495,-87.9305841
MLS Listing,,Condo/Co-op,9396 Landings Ln #204,Des Plaines,IL,60016,365000,2,2.0,Des Plaines,1200,,2025,34,304,338,Active,,,https://www.redfin.com/IL/Des-Plaines/9396-Landings-Ln-60016/unit-204/home/13669217,MRED as Distributed by MLS Grid,12391369,N,Y,42.042578,-87.8595572
MLS Listing,,Single Family Residential,1433 Norfolk Ave,Westchester,IL,60154,290000,2,1.0,,1135,6699,1950,34,256,,Active,,,https://www.redfin.com/IL/Westchester/Undisclosed-address-60154/home/13309568,MRED as Distributed by MLS Grid,12384710,N,Y,41.8589845,-87.8709303
MLS Listing,,Condo/Co-op,919 N Boxwood Dr #201,Mount Prospect,IL,60056,219900,2,2.0,Mount Prospect,1100,,1969,34,200,294,Active,,,https://www.redfin.com/IL/Mount-Prospect/919-N-Boxwood-Dr-60056/unit-201/home/13834158,MRED as Distributed by MLS Grid,12391595,N,Y,42.0826919,-87.928896
MLS Listing,,Condo/Co-op,1217 W Hood Ave Unit G,Chicago,IL,60660,289900,2,2.0,CHI - Edgewater,1200,,1917,34,242,188,Active,,,https://www.redfin.com/IL/Chicago/1217-W-Hood-Ave-60660/unit-G/home/12727893,MRED as Distributed by MLS Grid,12391361,N,Y,41.9934044,-87.6611573
MLS Listing,,Condo/Co-op,1729 W Erie St Unit 3N,Chicago,IL,60622,269000,2,1.0,CHI - West Town,990,,,35,272,158,Active,July-19-2025 11:00 AM,July-19-2025 01:00 PM,https://www.redfin.com/IL/Chicago/1729-W-Erie-St-60622/unit-3N/home/18917758,MRED as Distributed by MLS Grid,12391183,N,Y,41.8931574,-87.6708492
MLS Listing,,Condo/Co-op,326 Park Ave #21,Clarendon Hills,IL,60514,299000,2,2.0,Clarendon Hills,1287,,1987,35,232,412,Active,,,https://www.redfin.com/IL/Clarendon-Hills/326-Park-Ave-60514/unit-21/home/18022096,MRED as Distributed by MLS Grid,12390157,N,Y,41.7957304,-87.9584531
MLS Listing,,Condo/Co-op,9396 Landings Ln #602,Des Plaines,IL,60016,360000,2,2.0,Des Plaines,1000,,2025,35,360,268,Active,,,https://www.redfin.com/IL/Des-Plaines/9396-Landings-Ln-60016/unit-602/home/13669991,MRED as Distributed by MLS Grid,12390740,N,Y,42.042578,-87.8595572
MLS Listing,,Condo/Co-op,1412 Hinman Ave Unit 2W,Evanston,IL,60201,267900,2,1.0,Greenwood Inn,1000,,1955,35,268,472,Active,,,https://www.redfin.com/IL/Evanston/1412-Hinman-Ave-60201/unit-2W/home/13580230,MRED as Distributed by MLS Grid,12374653,N,Y,42.0431041,-87.6791609
MLS Listing,,Single Family Residential,5247 S May St,Chicago,IL,60609,120000,2,1.0,,1200,7200,1888,35,100,,Active,,,https://www.redfin.com/IL/Chicago/Undisclosed-address-60609/home/13952876,MRED as Distributed by MLS Grid,12388415,N,Y,41.798232,-87.6535105
MLS Listing,,Townhouse,3914 Madison St,Bellwood,IL,60104,219900,2,1.0,Bellwood,1005,2520,1947,36,219,,Active,,,https://www.redfin.com/IL/Bellwood/3914-Madison-St-60104/home/13315822,MRED as Distributed by MLS Grid,12390125,N,Y,41.8776972,-87.8814254
MLS Listing,,Single Family Residential,1233 S Karlov Ave,Chicago,IL,60623,138808,2,1.0,CHI - North Lawndale,714,3000,1903,36,194,,Active,,,https://www.redfin.com/IL/Chicago/1233-S-Karlov-Ave-60623/home/13236113,MRED as Distributed by MLS Grid,12388832,N,Y,41.8651529,-87.7272854
MLS Listing,,Condo/Co-op,351 E 25th Pl Unit 20C,Chicago,IL,60616,315000,2,2.0,CHI - Near South Side,1300,,2008,36,242,404,Active,,,https://www.redfin.com/IL/Chicago/351-E-25th-Pl-60616/unit-20C/home/39573709,MRED as Distributed by MLS Grid,12379986,N,Y,41.8471263,-87.6183487
MLS Listing,,Condo/Co-op,1453 W Elmdale Ave #1,Chicago,IL,60660,229000,2,1.0,CHI - Edgewater,,,,36,,409,Active,,,https://www.redfin.com/IL/Chicago/1453-W-Elmdale-Ave-60660/unit-1/home/13411114,MRED as Distributed by MLS Grid,12389387,N,Y,41.990549,-87.6672251
MLS Listing,,Condo/Co-op,9355 Irving Park Rd #208,Schiller Park,IL,60176,239000,2,1.5,Schiller Park,1174,,2006,36,204,374,Active,,,https://www.redfin.com/IL/Schiller-Park/9355-Irving-Park-Rd-60176/unit-208/home/12605089,MRED as Distributed by MLS Grid,12386914,N,Y,41.9538451,-87.8618484
MLS Listing,,Condo/Co-op,8030 Knox Ave Unit 3W,Skokie,IL,60076,189000,2,1.0,Skokie,1000,,1950,36,189,331,Active,,,https://www.redfin.com/IL/Skokie/8030-Knox-Ave-60076/unit-3W/home/12688269,MRED as Distributed by MLS Grid,12382999,N,Y,42.0272955,-87.7442857
MLS Listing,,Single Family Residential,1430 N Long Ave,Chicago,IL,60651,265000,2,1.0,,1095,3840,1919,36,242,,Active,,,https://www.redfin.com/IL/Chicago/Undisclosed-address-60651/home/13281189,MRED as Distributed by MLS Grid,12384972,N,Y,41.9067344,-87.7610436
MLS Listing,,Single Family Residential,2500 S 7th Ave,North Riverside,IL,60546,369900,2,1.5,North Riverside,1058,6250,1951,37,350,,Active,,,https://www.redfin.com/IL/Riverside/2500-S-7th-Ave-60546/home/13303361,MRED as Distributed by MLS Grid,12389016,N,Y,41.8441249,-87.8402108
MLS Listing,,Condo/Co-op,8500 Skokie Blvd Unit 3D,Skokie,IL,60077,195000,2,1.5,Skokie,946,,1962,37,206,446,Active,,,https://www.redfin.com/IL/Skokie/8500-Skokie-Blvd-60077/unit-3D/home/12628441,MRED as Distributed by MLS Grid,12382447,N,Y,42.0357748,-87.7475957
MLS Listing,,Condo/Co-op,543 Geneva Ave Unit 104A,Bellwood,IL,60104,108000,2,1.0,Bellwood,1000,,1965,37,108,250,Active,,,https://www.redfin.com/IL/Bellwood/543-Geneva-Ave-60104/unit-104A/home/13331213,MRED as Distributed by MLS Grid,12388539,N,Y,41.881723,-87.8879198
MLS Listing,,Condo/Co-op,3254 W Flournoy St #1,Chicago,IL,60624,112500,2,1.0,CHI - East Garfield Park,1200,,1914,37,94,279,Active,,,https://www.redfin.com/IL/Chicago/3254-W-Flournoy-St-60624/unit-1/home/196027008,MRED as Distributed by MLS Grid,12388347,N,Y,41.8729075,-87.7079931
MLS Listing,,Single Family Residential,1107 Marshall Ave,Bellwood,IL,60104,275000,2,1.5,Bellwood,985,4874,1945,37,279,,Active,,,https://www.redfin.com/IL/Bellwood/1107-Marshall-Ave-60104/home/13314503,MRED as Distributed by MLS Grid,12387957,N,Y,41.8721619,-87.8793371
MLS Listing,,Condo/Co-op,4950 N Western Ave #101,Chicago,IL,60625,324900,2,1.0,CHI - Lincoln Square,980,,2005,37,332,320,Active,,,https://www.redfin.com/IL/Chicago/4950-N-Western-Ave-60625/unit-101/home/26792824,MRED as Distributed by MLS Grid,12385744,N,Y,41.9718987,-87.6894583
MLS Listing,,Condo/Co-op,1710 Dempster St Unit A,Park Ridge,IL,60068,260000,2,1.0,Park Ridge,,,1978,38,,400,Active,,,https://www.redfin.com/IL/Park-Ridge/1710-Dempster-St-60068/unit-A/home/12685947,MRED as Distributed by MLS Grid,12387569,N,Y,42.0402323,-87.8485157
MLS Listing,,Condo/Co-op,2316 W Cortez St Unit G,Chicago,IL,60622,320000,2,2.0,CHI - West Town,1000,,,39,320,216,Active,,,https://www.redfin.com/IL/Chicago/2316-W-Cortez-St-60622/unit-G/home/12638091,MRED as Distributed by MLS Grid,12387416,N,Y,41.9005848,-87.685233
MLS Listing,,Condo/Co-op,1359 W Elmdale Ave Unit G,Chicago,IL,60660,300000,2,1.0,CHI - Edgewater,1000,,,39,300,334,Active,,,https://www.redfin.com/IL/Chicago/1359-W-Elmdale-Ave-60660/unit-G/home/196021442,MRED as Distributed by MLS Grid,12387381,N,Y,41.9906655,-87.6649937
MLS Listing,,Condo/Co-op,1653 River St #405,Des Plaines,IL,60016,250000,2,2.0,Des Plaines,,,1992,40,,369,Active,,,https://www.redfin.com/IL/Des-Plaines/1653-River-St-60016/unit-405/home/13667447,MRED as Distributed by MLS Grid,12384109,N,Y,42.0414329,-87.8819968
MLS Listing,,Condo/Co-op,6248 W Montrose Ave Unit 1R,Chicago,IL,60634,199900,2,1.0,CHI - Portage Park,1050,,1966,40,190,352,Active,,,https://www.redfin.com/IL/Chicago/6248-W-Montrose-Ave-60634/unit-1R/home/12744855,MRED as Distributed by MLS Grid,12384138,N,Y,41.960497,-87.7838433
MLS Listing,,Condo/Co-op,4011 W Fullerton Ave Unit 2E,Chicago,IL,60639,329900,2,2.0,CHI - Hermosa,1650,,2004,40,200,270,Active,,,https://www.redfin.com/IL/Chicago/4011-W-Fullerton-Ave-60639/unit-2E/home/12591625,MRED as Distributed by MLS Grid,12386188,N,Y,41.924211,-87.727232
MLS Listing,,Condo/Co-op,1134 W Granville Ave #820,Chicago,IL,60660,339900,2,1.0,CHI - Edgewater,,,2008,40,,489,Active,,,https://www.redfin.com/IL/Chicago/1134-W-Granville-Ave-60660/unit-820/home/144511104,MRED as Distributed by MLS Grid,12384424,N,Y,41.9947425,-87.6597943
MLS Listing,,Condo/Co-op,9310 Hamilton Ct Unit E,Des Plaines,IL,60016,199000,2,1.5,Des Plaines,1000,,1982,41,199,331,Active,,,https://www.redfin.com/IL/Des-Plaines/9310-Hamilton-Ct-60016/unit-E/home/179461092,MRED as Distributed by MLS Grid,12379777,N,Y,42.0581414,-87.8578528
MLS Listing,,Condo/Co-op,2 Le Moyne Pkwy Unit 3N,Oak Park,IL,60302,164000,2,1.0,Oak Park,1000,,1961,41,164,476,Active,,,https://www.redfin.com/IL/Oak-Park/2-Le-Moyne-Pkwy-60302/unit-3N/home/13278355,MRED as Distributed by MLS Grid,12385174,N,Y,41.907766,-87.775748
MLS Listing,,Single Family Residential,4627 Custer Ave,Lyons,IL,60534,264900,2,1.0,Lyons,816,9191,1954,41,325,,Active,,,https://www.redfin.com/IL/Lyons/4627-Custer-Ave-60534/home/14068305,MRED as Distributed by MLS Grid,12358149,N,Y,41.806671,-87.8397274
MLS Listing,,Condo/Co-op,2744 W Haddon Ave #2,Chicago,IL,60622,346999,2,2.0,CHI - West Town,1000,,,42,347,130,Active,,,https://www.redfin.com/IL/Chicago/2744-W-Haddon-Ave-60622/unit-2/home/18919722,MRED as Distributed by MLS Grid,12384888,N,Y,41.902221,-87.6962378
MLS Listing,,Condo/Co-op,6964 W Diversey Ave #7,Chicago,IL,60707,207500,2,1.0,CHI - Montclare,,,,42,,339,Active,,,https://www.redfin.com/IL/Chicago/6964-W-Diversey-Ave-60707/unit-7/home/12744944,MRED as Distributed by MLS Grid,12384268,N,Y,41.9310953,-87.8002385
MLS Listing,,Condo/Co-op,3849 W Ainslie St #1,Chicago,IL,60625,244900,2,2.0,CHI - Albany Park,,,1923,42,,206,Active,,,https://www.redfin.com/IL/Chicago/3849-W-Ainslie-St-60625/unit-1/home/26804091,MRED as Distributed by MLS Grid,12378967,N,Y,41.969924,-87.725311
MLS Listing,,Condo/Co-op,406 Franklin Ave Unit 2A,River Forest,IL,60305,190000,2,1.0,River Forest,800,,,43,238,466,Active,,,https://www.redfin.com/IL/River-Forest/406-Franklin-Ave-60305/unit-2A/home/12806181,MRED as Distributed by MLS Grid,12383385,N,Y,41.8873052,-87.8181866
MLS Listing,,Condo/Co-op,9396 Landings Ln #305,Des Plaines,IL,60016,300000,2,1.0,Des Plaines,850,,2025,43,353,233,Active,,,https://www.redfin.com/IL/Des-Plaines/9396-Landings-Ln-60016/unit-305/home/13669675,MRED as Distributed by MLS Grid,12382776,N,Y,42.042578,-87.8595572
MLS Listing,,Condo/Co-op,849 W Belle Plaine Ave Unit G,Chicago,IL,60613,349000,2,1.5,CHI - Uptown,1000,,1915,43,349,360,Active,,,https://www.redfin.com/IL/Chicago/849-W-Belle-Plaine-Ave-60613/unit-G/home/195579732,MRED as Distributed by MLS Grid,12380942,N,Y,41.9568954,-87.651508
MLS Listing,,Condo/Co-op,1535 W Ohio St #2,Chicago,IL,60642,390000,2,2.0,CHI - West Town,1100,,2002,44,355,180,Active,,,https://www.redfin.com/IL/Chicago/1535-W-Ohio-St-60642/unit-2/home/12754552,MRED as Distributed by MLS Grid,12381706,N,Y,41.892518636,-87.66650959
MLS Listing,,Condo/Co-op,9355 Irving Park Rd #506,Schiller Park,IL,60176,274900,2,2.0,Schiller Park,1530,,2005,44,180,496,Active,,,https://www.redfin.com/IL/Schiller-Park/9355-Irving-Park-Rd-60176/unit-506/home/12590729,MRED as Distributed by MLS Grid,12381211,N,Y,41.9538451,-87.8618484
MLS Listing,,Condo/Co-op,4755 N Malden St Unit GS,Chicago,IL,60640,200000,2,1.0,CHI - Uptown,800,,,46,250,207,Active,,,https://www.redfin.com/IL/Chicago/4755-N-Malden-St-60640/unit-GS/home/12636581,MRED as Distributed by MLS Grid,12380537,N,Y,41.9688115,-87.6624938
MLS Listing,,Condo/Co-op,7024 N Rockwell St #3,Chicago,IL,60645,167000,2,1.0,CHI - West Ridge,,,,47,,465,Active,,,https://www.redfin.com/IL/Chicago/7024-N-Rockwell-St-60645/unit-3/home/12591314,MRED as Distributed by MLS Grid,12380208,N,Y,42.009302,-87.695201
MLS Listing,,Condo/Co-op,3713 Grand Blvd #10,Brookfield,IL,60513,274900,2,1.5,Brookfield,1200,,1928,48,229,377,Active,,,https://www.redfin.com/IL/Brookfield/3713-Grand-Blvd-60513/unit-10/home/13292822,MRED as Distributed by MLS Grid,12378779,N,Y,41.823625,-87.8454611
MLS Listing,,Single Family Residential,3905 N Oak Park Ave,Chicago,IL,60634,309000,2,2.0,CHI - Dunning,1425,,1913,49,217,,Active,,,https://www.redfin.com/IL/Chicago/3905-N-Oak-Park-Ave-60634/home/13468764,MRED as Distributed by MLS Grid,12375425,N,Y,41.9509958,-87.7959196
MLS Listing,,Condo/Co-op,3746 N Central Ave Unit 1H,Chicago,IL,60634,235000,2,1.0,CHI - Portage Park,1100,,1971,50,214,262,Active,,,https://www.redfin.com/IL/Chicago/3746-N-Central-Ave-60634/unit-1H/home/13466728,MRED as Distributed by MLS Grid,12364287,N,Y,41.9489601,-87.7673006
MLS Listing,,Condo/Co-op,27 E 26th St #5,Chicago,IL,60616,328000,2,2.0,CHI - Douglas,1500,,2004,50,219,367,Active,,,https://www.redfin.com/IL/Chicago/27-E-26th-St-60616/unit-5/home/12595307,MRED as Distributed by MLS Grid,12375642,N,Y,41.8453679,-87.6256525
MLS Listing,,Condo/Co-op,3843 N Narragansett Ave #201,Chicago,IL,60634,253000,2,1.0,CHI - Dunning,900,,1985,52,281,267,Active,,,https://www.redfin.com/IL/Chicago/3843-N-Narragansett-Ave-60634/unit-201/home/193398051,MRED as Distributed by MLS Grid,12372477,N,Y,41.9506251,-87.7861432
MLS Listing,,Condo/Co-op,6204 N Claremont Ave #3,Chicago,IL,60659,234000,2,2.0,CHI - West Ridge,1100,,,53,213,415,Active,,,https://www.redfin.com/IL/Chicago/6204-N-Claremont-Ave-60659/unit-3/home/12589827,MRED as Distributed by MLS Grid,12366363,N,Y,41.994314,-87.688786
MLS Listing,,Condo/Co-op,9452 Bay Colony Dr Unit 2W,Des Plaines,IL,60016,215000,2,1.0,Bay Colony,1000,,1977,54,215,364,Active,,,https://www.redfin.com/IL/Des-Plaines/9452-Bay-Colony-Dr-60016/unit-2W/home/13669517,MRED as Distributed by MLS Grid,12374043,N,Y,42.0517271,-87.8677239
MLS Listing,,Condo/Co-op,25 E 26th St #2,Chicago,IL,60616,269900,2,2.0,CHI - Douglas,1500,,2006,54,180,258,Active,,,https://www.redfin.com/IL/Chicago/25-E-26th-St-60616/unit-2/home/12614383,MRED as Distributed by MLS Grid,12362267,N,Y,41.8453685,-87.6257498
MLS Listing,,Condo/Co-op,5500 Lincoln Ave. Ave Unit 118E,Morton Grove,IL,60053,210000,2,2.0,Morton Grove,1080,,,54,194,417,Active,,,https://www.redfin.com/IL/Morton-Grove/5500-Lincoln-Ave-60053/unit-118E/home/13614822,MRED as Distributed by MLS Grid,12323722,N,Y,42.0351178,-87.764772
MLS Listing,,Condo/Co-op,2300 W Granville Ave Unit G,Chicago,IL,60659,169000,2,1.0,CHI - West Ridge,,,1923,54,,288,Active,,,https://www.redfin.com/IL/Chicago/2300-W-Granville-Ave-60659/unit-G/home/195895841,MRED as Distributed by MLS Grid,12372725,N,Y,41.99436,-87.68767
MLS Listing,,Condo/Co-op,5401 N Milwaukee Ave Unit 1A,Chicago,IL,60630,255000,2,2.0,CHI - Jefferson Park,962,,1996,54,265,240,Active,,,https://www.redfin.com/IL/Chicago/5401-N-Milwaukee-Ave-60630/unit-1A/home/13502639,MRED as Distributed by MLS Grid,12371379,N,Y,41.9796918,-87.7710676
MLS Listing,,Condo/Co-op,25 E 26th St #4,Chicago,IL,60616,309900,2,2.0,CHI - Douglas,,,2005,54,,287,Active,,,https://www.redfin.com/IL/Chicago/25-E-26th-St-60616/unit-4/home/12602846,MRED as Distributed by MLS Grid,12371816,N,Y,41.8453685,-87.6257498
MLS Listing,,Condo/Co-op,727 S Ashland Ave Unit C,Chicago,IL,60607,335000,2,1.0,CHI - Near West Side,1000,,1989,54,335,323,Active,,,https://www.redfin.com/IL/Chicago/727-S-Ashland-Ave-60607/unit-C/home/14089905,MRED as Distributed by MLS Grid,12373431,N,Y,41.8725944,-87.6660978
MLS Listing,,Single Family Residential,2940 W 38th St,Chicago,IL,60632,209000,2,1.0,CHI - Brighton Park,700,3125,1886,56,299,,Active,,,https://www.redfin.com/IL/Chicago/2940-W-38th-St-60632/home/14127353,MRED as Distributed by MLS Grid,12367704,N,Y,41.824667,-87.6987497
MLS Listing,,Condo/Co-op,4444 N Central Ave Unit 2N,Chicago,IL,60630,205000,2,1.0,CHI - Portage Park,900,,1964,56,228,268,Active,,,https://www.redfin.com/IL/Chicago/4444-N-Central-Ave-60630/unit-2N/home/12708017,MRED as Distributed by MLS Grid,12368885,N,Y,41.961818,-87.767606
MLS Listing,,Condo/Co-op,1224 W Van Buren Ave #416,Chicago,IL,60607,309000,2,1.0,CHI - Near West Side,,,,56,,451,Active,,,https://www.redfin.com/IL/Chicago/1224-W-Van-Buren-St-60607/unit-416/home/52592982,MRED as Distributed by MLS Grid,12371283,N,Y,41.87678,-87.6582667
MLS Listing,,Single Family Residential,2101 S 7th Ave,Maywood,IL,60153,259900,2,1.5,Maywood,1724,8640,,57,151,,Active,,,https://www.redfin.com/IL/Maywood/2101-S-7th-Ave-60153/home/13318343,MRED as Distributed by MLS Grid,12370999,N,Y,41.86604,-87.8405404
MLS Listing,,Condo/Co-op,701 W Jackson Blvd Unit 602B,Chicago,IL,60661,349900,2,1.0,CHI - Near West Side,1100,,1887,57,318,450,Active,,,https://www.redfin.com/IL/Chicago/701-W-Jackson-Blvd-60661/unit-602B/home/185444625,MRED as Distributed by MLS Grid,12370099,N,Y,41.8777753,-87.6443549
MLS Listing,,Condo/Co-op,1640 W Sherwin Ave Unit 4D,Chicago,IL,60626,229900,2,2.0,CHI - Rogers Park,1200,,1975,57,192,250,Active,,,https://www.redfin.com/IL/Chicago/1640-W-Sherwin-Ave-60626/unit-4D/home/39560477,MRED as Distributed by MLS Grid,12368805,N,Y,42.0151706,-87.6717542
MLS Listing,,Condo/Co-op,25 E 26th St #5,Chicago,IL,60616,329900,2,2.0,CHI - Douglas,1500,,2005,58,220,297,Active,,,https://www.redfin.com/IL/Chicago/25-E-26th-St-60616/unit-5/home/12598931,MRED as Distributed by MLS Grid,12369907,N,Y,41.8453685,-87.6257498
MLS Listing,,Condo/Co-op,6316 N Richmond St Unit 2A,Chicago,IL,60659,245000,2,1.0,CHI - West Ridge,1025,,1929,58,239,250,Active,,,https://www.redfin.com/IL/Chicago/6316-N-Richmond-St-60659/unit-2A/home/195840767,MRED as Distributed by MLS Grid,12367262,N,Y,41.9961858,-87.7035977
MLS Listing,,Condo/Co-op,5574 S Archer Ave Unit 2C,Chicago,IL,60638,139900,2,1.0,CHI - Garfield Ridge,900,4750,1972,58,155,331,Active,,,https://www.redfin.com/IL/Chicago/5574-S-Archer-Ave-60638/unit-2C/home/12761128,MRED as Distributed by MLS Grid,12368840,N,Y,41.7979588,-87.7494423
MLS Listing,,Condo/Co-op,2647 W Fitch Ave #1,Chicago,IL,60645,179900,2,1.5,CHI - West Ridge,953,,1950,58,189,455,Active,,,https://www.redfin.com/IL/Chicago/2647-W-Fitch-Ave-60645/unit-1/home/12809214,MRED as Distributed by MLS Grid,12368944,N,Y,42.0109057,-87.6968333
MLS Listing,,Condo/Co-op,4811 N Olcott Ave #510,Harwood Heights,IL,60706,344900,2,2.0,Harwood Heights,1206,,2008,59,286,468,Active,,,https://www.redfin.com/IL/Harwood-Heights/4811-N-Olcott-Ave-60706/unit-510/home/26803811,MRED as Distributed by MLS Grid,12368790,N,Y,41.9675783,-87.8138699
MLS Listing,,Single Family Residential,1258 Perry St,Des Plaines,IL,60016,279900,2,1.0,Des Plaines,1216,,1913,59,230,,Active,,,https://www.redfin.com/IL/Des-Plaines/1258-Perry-St-60016/home/13665843,MRED as Distributed by MLS Grid,12366162,N,Y,42.0442293,-87.8928676
MLS Listing,,Condo/Co-op,6643 W Belmont Ave #1,Chicago,IL,60634,299000,2,2.0,CHI - Montclare,1250,,2008,60,239,,Active,,,https://www.redfin.com/IL/Chicago/6643-W-Belmont-Ave-60634/unit-1/home/18915211,MRED as Distributed by MLS Grid,12368402,N,Y,41.9380152,-87.7925873
MLS Listing,,Condo/Co-op,1238 W Pratt Blvd Unit 1A,Chicago,IL,60626,315000,2,2.0,CHI - Rogers Park,1200,,1971,61,263,330,Active,,,https://www.redfin.com/IL/Chicago/1238-W-Pratt-Blvd-60626/unit-1A/home/18949050,MRED as Distributed by MLS Grid,12367788,N,Y,42.0057228,-87.6625366
MLS Listing,,Condo/Co-op,4855 N Drake Ave #2,Chicago,IL,60625,252500,2,2.0,CHI - Albany Park,,,1924,62,,300,Active,,,https://www.redfin.com/IL/Chicago/4855-N-Drake-Ave-60625/unit-2/home/18943493,MRED as Distributed by MLS Grid,12366355,N,Y,41.969988,-87.716786
MLS Listing,,Condo/Co-op,6221 N Niagara Ave #401,Chicago,IL,60631,234500,2,2.0,Point East Condominiums,1100,,1972,62,213,412,Active,,,https://www.redfin.com/IL/Chicago/6221-N-Niagara-Ave-60631/unit-401/home/13509114,MRED as Distributed by MLS Grid,12366305,N,Y,41.9935942,-87.7995343
MLS Listing,,Single Family Residential,3736 Euclid Ave,Berwyn,IL,60402,294900,2,1.5,Berwyn,1094,3690,1941,63,270,,Active,,,https://www.redfin.com/IL/Berwyn/3736-Euclid-Ave-60402/home/14135887,MRED as Distributed by MLS Grid,12365581,N,Y,41.8237331,-87.7914275
MLS Listing,,Condo/Co-op,6337 Roosevelt Rd #209,Berwyn,IL,60402,154900,2,1.5,Berwyn,850,,1954,63,182,300,Active,,,https://www.redfin.com/IL/Berwyn/6337-Roosevelt-Rd-60402/unit-209/home/12813403,MRED as Distributed by MLS Grid,12365806,N,Y,41.8650984,-87.7832123
MLS Listing,,Condo/Co-op,235 W Van Buren St #2904,Chicago,IL,60607,325000,2,2.0,CHI - Loop,888,,2009,63,366,467,Active,,,https://www.redfin.com/IL/Chicago/235-W-Van-Buren-St-60607/unit-2904/home/113044098,MRED as Distributed by MLS Grid,12365104,N,Y,41.8765303,-87.6347529
MLS Listing,,Single Family Residential,3843 N Pontiac Ave,Chicago,IL,60634,339900,2,1.0,CHI - Dunning,720,3720,1949,63,472,,Active,,,https://www.redfin.com/IL/Chicago/3843-N-Pontiac-Ave-60634/home/13545404,MRED as Distributed by MLS Grid,12365087,N,Y,41.9497293,-87.8352456
MLS Listing,,Condo/Co-op,6550 W Gunnison St #204,Harwood Heights,IL,60706,325000,2,2.0,Harwood Heights,1235,,1996,63,263,350,Active,,,https://www.redfin.com/IL/Harwood-Heights/6550-W-Gunnison-St-60706/unit-204/home/13503643,MRED as Distributed by MLS Grid,12356750,N,Y,41.9686571,-87.7924066
MLS Listing,,Single Family Residential,2439 S 57th Ave,Cicero,IL,60804,199900,2,1.5,Cicero,2016,,1918,64,99,,Active,,,https://www.redfin.com/IL/Cicero/2439-S-57th-Ave-60804/home/14141359,MRED as Distributed by MLS Grid,12363367,N,Y,41.8458991,-87.7659849
MLS Listing,,Single Family Residential,1405 S Central Ave,Cicero,IL,60804,299999,2,1.0,Cicero,1011,3397,1938,64,297,,Active,,,https://www.redfin.com/IL/Cicero/1405-S-Central-Ave-60804/home/13239094,MRED as Distributed by MLS Grid,12325684,N,Y,41.8616863,-87.7639629
MLS Listing,,Townhouse,109 E 37th Pl,Chicago,IL,60653,150000,2,1.5,CHI - Douglas,,2574,1945,64,,,Active,,,https://www.redfin.com/IL/Chicago/109-E-37th-Pl-60653/home/14072145,MRED as Distributed by MLS Grid,12363842,N,Y,41.8266528,-87.6226638
MLS Listing,,Single Family Residential,3132 Oak Park Ave,Berwyn,IL,60402,235000,2,2.0,Berwyn,800,3125,1924,67,294,,Active,,,https://www.redfin.com/IL/Berwyn/3132-Oak-Park-Ave-60402/home/14135634,MRED as Distributed by MLS Grid,12361220,N,Y,41.834696,-87.7931554
MLS Listing,,Condo/Co-op,5148 N Monitor Ave #301,Chicago,IL,60630,279000,2,1.0,CHI - Jefferson Park,1000,,1931,67,279,243,Active,,,https://www.redfin.com/IL/Chicago/5148-N-Monitor-Ave-60630/unit-301/home/12702863,MRED as Distributed by MLS Grid,12354366,N,Y,41.9754422,-87.7747473
MLS Listing,,Condo/Co-op,2930 N Harlem Ave Unit 5D,Elmwood Park,IL,60707,212900,2,2.0,Elmwood Park,1000,,1972,67,213,150,Active,,,https://www.redfin.com/IL/Elmwood-Park/2930-N-Harlem-Ave-60707/unit-5D/home/13539242,MRED as Distributed by MLS Grid,12353646,N,Y,41.9337836,-87.8069489
MLS Listing,,Condo/Co-op,8637 1/2 W Foster Ave Unit 1B,Chicago,IL,60656,214900,2,1.5,CHI - O'Hare,900,,1979,68,239,275,Active,,,https://www.redfin.com/IL/Chicago/8637-1-2-W-Foster-Ave-60656/unit-1B/home/194969302,MRED as Distributed by MLS Grid,12361231,N,Y,41.973171,-87.8429758
MLS Listing,,Condo/Co-op,7221 W Dickens Ave Unit 2E,Elmwood Park,IL,60707,250000,2,1.0,Elmwood Park,1100,,1960,68,227,453,Active,,,https://www.redfin.com/IL/Elmwood-Park/7221-W-Dickens-Ave-60707/unit-2E/home/12719204,MRED as Distributed by MLS Grid,12360251,N,Y,41.9178286,-87.8068992
MLS Listing,,Condo/Co-op,1709 W Estes Ave Unit 1S,Chicago,IL,60626,175000,2,1.0,Rogers Park,,,1958,69,,392,Active,,,https://www.redfin.com/IL/Chicago/1709-W-Estes-Ave-60626/unit-1S/home/26802762,MRED as Distributed by MLS Grid,12359307,N,Y,42.011153,-87.672863
MLS Listing,,Condo/Co-op,2123 Howard St Unit 1H,Evanston,IL,60202,159999,2,1.0,Evanston,900,,1958,69,178,378,Active,,,https://www.redfin.com/IL/Evanston/2123-Howard-St-60202/unit-1H/home/13604829,MRED as Distributed by MLS Grid,12359754,N,Y,42.01952,-87.702877
